author_id,name,total_paper_count,total_citation_count,h_index,first_publication_year,last_publication_year,career_span,avg_papers_per_year,first_author_count,last_author_count,mode_venue,unique_venues,venue_diversity,venue_types,conference_journal_ratio,workshop_conference_ratio,citations_per_paper,institution
2253657208,Reid Pryzant,10,717,8,2017,2023,7,1.4285714285714286,6,2,North American Chapter of the Association for Computational Linguistics,7.0,0.979569764547061,"{'journal': 2, 'conference': 5}",2.5,0.3333333333333333,71.7,
6014796,T. Buhrmann,12,668,5,2010,2022,13,0.9230769230769231,5,2,Conference on Empirical Methods in Natural Language Processing,4.0,1.0,"{'conference': 1, 'journal': 3}",0.3333333333333333,0.0,55.666666666666664,
2265665153,Adam L. Berger,1,3605,1,1996,1996,1,1.0,1,0,International Conference on Computational Logic,1.0,0.0,{'conference': 1},inf,0.0,3605.0,
2144836395,Yu Chen,16,1113,10,2017,2024,8,2.0,11,0,arXiv.org,13.0,0.9902871167541444,{'conference': 8},inf,1.0,69.5625,
2110042101,Yue Kang,4,296,3,2019,2023,5,0.8,1,1,Information Technology and People,3.0,0.946394630357186,{'journal': 4},0.0,,74.0,
1692283,C. Bauckhage,359,9988,46,1998,2023,26,13.807692307692308,115,134,arXiv.org,136.0,0.8911223707373537,"{'conference': 152, 'journal': 40}",3.8,0.16911764705882354,27.821727019498606,
46185356,Elior Sulem,18,1577,11,2015,2023,9,2.0,9,1,Conference on Empirical Methods in Natural Language Processing,9.0,0.9483627932161026,"{'conference': 10, 'journal': 1}",10.0,0.125,87.61111111111111,
40208102,N. Broad,5,2243,4,2014,2022,9,0.5555555555555556,0,0,arXiv.org,4.0,1.0,{'conference': 1},inf,,448.6,
7664662,Rouzbeh A. Shirvani,12,297,6,2016,2022,7,1.7142857142857142,3,2,arXiv.org,5.0,0.8445412464587144,"{'conference': 1, 'journal': 1}",1.0,0.0,24.75,
2262249,Yacine Jernite,50,8580,27,2012,2025,14,3.5714285714285716,12,9,arXiv.org,19.0,0.8141423142050895,"{'conference': 20, 'journal': 3}",6.666666666666667,0.0,171.6,Hugging Face
2256778370,Heng Wang,8,299,6,2022,2024,3,2.6666666666666665,2,0,Conference on Empirical Methods in Natural Language Processing,5.0,0.9690222556651344,{'conference': 6},inf,0.25,37.375,Xi'an Jiaotong University
35217367,Niranjan Balasubramanian,103,3437,25,1995,2023,29,3.5517241379310347,20,40,Conference on Empirical Methods in Natural Language Processing,41.0,0.8749730617244635,"{'conference': 51, 'journal': 12}",4.25,0.1836734693877551,33.36893203883495,
2113440494,Zhao Cai,37,356,5,2018,2024,7,5.285714285714286,1,0,Pacific Asia Conference on Information Systems,14.0,0.8591030787478947,"{'conference': 23, 'journal': 10}",2.3,0.0,9.621621621621621,
138609838,Patrick von Platen,41,5664,14,2019,2025,7,5.857142857142857,2,2,arXiv.org,5.0,0.8081032498902061,{'conference': 8},inf,0.0,138.14634146341464,
144503015,O. Kononova,52,2049,11,2013,2023,11,4.7272727272727275,27,10,Scientific Data,21.0,0.9391397758749309,"{'journal': 11, 'conference': 9}",0.8181818181818182,0.0,39.40384615384615,
46867608,Yu Zhang,58,7203,31,2008,2021,14,4.142857142857143,23,3,Transfer Learning,24.0,0.909875223060391,"{'journal': 5, 'conference': 19}",3.8,0.0,124.1896551724138,
2122908904,Dimosthenis Antypas,19,235,7,2021,2024,4,4.75,11,0,arXiv.org,12.0,0.9153159646026721,"{'conference': 9, 'journal': 1}",9.0,0.125,12.368421052631579,
2402716,Colin Raffel,102,53698,54,2010,2023,14,7.285714285714286,19,43,arXiv.org,20.0,0.8575351837438392,"{'conference': 57, 'journal': 7}",8.142857142857142,0.11904761904761904,526.4509803921569,
2689239,Jack Hessel,58,5129,28,2013,2025,13,4.461538461538462,17,2,Conference on Empirical Methods in Natural Language Processing,16.0,0.8317729482609157,"{'journal': 1, 'conference': 44}",44.0,0.0,88.43103448275862,AI2
2870504,Stephen H. Bach,52,8033,25,2008,2023,16,3.25,15,17,Neural Information Processing Systems,25.0,0.9297909915641532,"{'conference': 23, 'journal': 6}",3.8333333333333335,0.2,154.48076923076923,
2022168,Diyi Yang,83,9515,39,2011,2023,13,6.384615384615385,23,24,International Conference on Human Factors in Computing Systems,31.0,0.903916789749271,"{'conference': 56, 'journal': 5}",11.2,0.06818181818181818,114.63855421686748,
1746807,Dan Jurafsky,357,56785,104,1988,2023,36,9.916666666666666,52,202,Annual Meeting of the Association for Computational Linguistics,107.0,0.8300027703142294,"{'conference': 175, 'journal': 44}",3.977272727272727,0.13286713286713286,159.06162464985994,Stanford University
1879523878,Mario Sanger,3,2233,3,2022,2023,2,1.5,1,0,GigaScience,3.0,0.9999999999999998,"{'journal': 1, 'conference': 1}",1.0,,744.3333333333334,
2275458252,Richard Tobin,5,129,1,2021,2025,5,1.0,0,0,Information Processing & Management,4.0,1.0,{'journal': 2},0.0,,25.8,
1405193925,Víctor Suárez-Paniagua,20,366,8,2015,2024,10,2.0,14,4,IberLEF@SEPLN,15.0,0.9712720079261152,"{'journal': 5, 'conference': 6}",1.2,0.4,18.3,
46915471,Go Inoue,9,475,7,2016,2023,8,1.125,4,0,International Conference on Language Resources and Evaluation,5.0,0.9283832117695865,"{'conference': 7, 'journal': 1}",7.0,0.16666666666666666,52.77777777777778,MBZUAI
1379935164,Benjamin Beilharz,3,2255,3,2019,2022,4,0.75,1,1,arXiv.org,3.0,0.9999999999999998,{'conference': 2},inf,0.0,751.6666666666666,Technical University of Darmstadt
2008191108,Wannaphong Phatthiyaphaibun,16,118,4,2020,2025,6,2.6666666666666665,7,1,arXiv.org,6.0,0.935944697445866,"{'conference': 3, 'journal': 1}",3.0,0.0,7.375,
2708454,Ishaan Gulrajani,23,16480,14,2015,2024,10,2.3,8,0,International Conference on Learning Representations,5.0,0.9388906303246312,{'conference': 13},inf,0.0,716.5217391304348,
20308468,Leon Weber,22,3342,13,2017,2023,7,3.142857142857143,11,1,Bioinform.,13.0,0.951759348388087,"{'conference': 11, 'journal': 2}",5.5,0.5,151.9090909090909,Humboldt-Universität zu Berlin
35446689,Hanrui Wang,12,1793,6,2016,2023,8,1.5,3,0,IEEE International Conference on Solid-State and Integrated Circuit Technology,8.0,0.9825675930733636,{'conference': 6},inf,0.75,149.41666666666666,
145137850,Katherine A. Keith,17,511,8,2017,2025,9,1.8888888888888888,8,3,Annual Meeting of the Association for Computational Linguistics,11.0,0.9366347672506407,"{'journal': 3, 'conference': 8}",2.6666666666666665,0.0,30.058823529411764,Williams College
2045189003,Zainab F. Khan,4,161,4,2021,2022,2,2.0,0,0,IEEE Journal of Solid-State Circuits,4.0,1.0,"{'journal': 1, 'conference': 2}",2.0,,40.25,
145188499,Marcos Vinícius Treviso,27,874,13,2014,2023,10,2.7,14,2,Annual Meeting of the Association for Computational Linguistics,16.0,0.9623059780976562,"{'conference': 17, 'journal': 2}",8.5,0.36363636363636365,32.370370370370374,
2260132137,Alexander M. Rush,10,2280,5,2019,2023,5,2.0,0,5,arXiv.org,3.0,0.8649735207179272,{'conference': 2},inf,0.0,228.0,
40466858,Tristan Naumann,55,6173,25,2000,2023,24,2.2916666666666665,3,5,arXiv.org,26.0,0.8962275772430559,"{'conference': 19, 'journal': 9}",2.111111111111111,0.3,112.23636363636363,Microsoft Research Health Futures
148149462,Shirlyn Tang,3,566,3,2019,2024,6,0.5,0,0,Annual Meeting of the Association for Computational Linguistics,2.0,0.9182958340544894,{'conference': 3},inf,0.0,188.66666666666666,
3451493,Manuel R. Ciosici,16,203,7,2016,2023,8,2.0,10,1,arXiv.org,9.0,0.9166270687500504,"{'conference': 10, 'journal': 1}",10.0,0.0,12.6875,
2144226697,Xiangyang Liu,15,1985,10,2019,2024,6,2.5,4,0,arXiv.org,8.0,0.9109715213264661,"{'conference': 6, 'journal': 2}",3.0,0.0,132.33333333333334,Fudan University
1850527789,Marc Pàmies,12,2634,9,2020,2025,6,2.0,2,0,arXiv.org,9.0,0.9206198357143052,{'conference': 6},inf,0.6666666666666666,219.5,
32136590,Stas Bekman,16,3061,6,2003,2025,23,0.6956521739130435,2,0,arXiv.org,4.0,0.9211854965885543,{'conference': 4},inf,0.0,191.3125,
2087126470,Chaoyang He,28,947,14,2004,2022,19,1.4736842105263157,6,7,arXiv.org,17.0,0.9747327069425888,"{'journal': 10, 'conference': 2}",0.2,0.0,33.82142857142857,
1452346602,Alessio Ferrari,114,2362,27,2009,2023,15,7.6,49,14,IEEE International Requirements Engineering Conference,45.0,0.8923924224565625,"{'journal': 30, 'conference': 50}",1.6666666666666667,0.625,20.719298245614034,
39620434,Sid Kiblawi,7,2290,3,2013,2025,13,0.5384615384615384,1,0,arXiv.org,5.0,0.9697238998682473,"{'conference': 2, 'journal': 1}",2.0,,327.14285714285717,
1762757,Roi Reichart,141,7018,41,2007,2024,18,7.833333333333333,18,58,Annual Meeting of the Association for Computational Linguistics,30.0,0.7886685280984242,"{'conference': 78, 'journal': 29}",2.689655172413793,0.02857142857142857,49.773049645390074,
113320522,Leon Derczynski,145,5805,32,2006,2024,19,7.631578947368421,68,46,arXiv.org,46.0,0.8393662030414725,"{'conference': 62, 'journal': 12}",5.166666666666667,0.3181818181818182,40.03448275862069,IT University of Copenhagen
2004672900,Kexin Yang,23,651,12,2018,2023,6,3.8333333333333335,7,1,Annual Meeting of the Association for Computational Linguistics,19.0,0.9675526393990102,"{'conference': 5, 'journal': 13}",0.38461538461538464,0.2,28.304347826086957,Sichuan University
49614468,Mikhail Salnikov,8,169,5,2017,2023,7,1.1428571428571428,0,1,IEEE Access,5.0,0.9165164431996023,"{'conference': 2, 'journal': 4}",0.5,1.0,21.125,Skoltech
26339093,Yige Xu,10,3005,6,2019,2025,7,1.4285714285714286,5,0,Conference on Empirical Methods in Natural Language Processing,8.0,0.9488131148903384,"{'conference': 6, 'journal': 3}",2.0,0.0,300.5,Nanyang Technological University
39139825,Matthew E. Peters,83,23097,34,2004,2023,20,4.15,18,26,Annual Meeting of the Association for Computational Linguistics,38.0,0.9118482000892403,"{'journal': 36, 'conference': 27}",0.75,0.045454545454545456,278.27710843373495,Allen Institute for Artificial Intelligence
145525190,J. Pei,456,48951,92,2000,2023,24,19.0,63,162,Knowledge Discovery and Data Mining,116.0,0.8436412301160374,"{'journal': 108, 'conference': 199}",1.8425925925925926,0.21019108280254778,107.34868421052632,
16228163,Abhik Jana,26,410,9,2010,2024,15,1.7333333333333334,11,3,International Conference on Language Resources and Evaluation,17.0,0.9714028604103715,"{'conference': 15, 'journal': 3}",5.0,0.18181818181818182,15.76923076923077,
144118452,Pengfei Liu,99,12623,40,2004,2023,20,4.95,33,19,Conference on Empirical Methods in Natural Language Processing,26.0,0.8018107476606204,"{'conference': 69, 'journal': 5}",13.8,0.07547169811320754,127.5050505050505,
2269460977,Thanathip Suntorntip,1,83,1,2023,2023,1,1.0,0,0,NLPOSS,1.0,0.0,,,,83.0,
1788286,F. Aiolli,117,1848,21,1999,2024,26,4.5,54,49,The European Symposium on Artificial Neural Networks,50.0,0.8712727956679526,"{'journal': 27, 'conference': 56}",2.074074074074074,0.896551724137931,15.794871794871796,
47413820,Hao Cheng,56,4428,26,2013,2024,12,4.666666666666667,11,1,arXiv.org,18.0,0.8652546963531336,"{'conference': 36, 'journal': 1}",36.0,0.0,79.07142857142857,Microsoft Research
1380459402,Lysandre Debut,65,9417,6,2019,2024,6,10.833333333333334,0,0,Conference on Empirical Methods in Natural Language Processing,4.0,0.9211854965885543,{'conference': 5},inf,0.0,144.87692307692308,
3385516,Oyvind Tafjord,69,8847,32,1997,2024,28,2.4642857142857144,7,14,arXiv.org,13.0,0.7527776831067071,"{'conference': 27, 'journal': 5}",5.4,0.0,128.2173913043478,
144783904,Christopher D. Manning,492,170424,144,1989,2023,35,14.057142857142857,63,320,Annual Meeting of the Association for Computational Linguistics,111.0,0.7836523847225111,"{'conference': 267, 'journal': 28}",9.535714285714286,0.09623430962343096,346.390243902439,Stanford University
2174178585,Marianna Nezhurina,6,2409,6,2022,2024,3,2.0,1,0,arXiv.org,3.0,0.9206198357143047,{'conference': 3},inf,1.0,401.5,
1499242010,Francesco Barbieri,24,1623,13,2014,2023,10,2.4,8,6,International Conference on Web and Social Media,15.0,0.9521968139099521,"{'conference': 16, 'journal': 1}",16.0,0.06666666666666667,67.625,
2115889791,Jie Ma,12,683,8,2020,2023,4,3.0,2,0,Conference on Empirical Methods in Natural Language Processing,6.0,0.9111886696810593,"{'conference': 8, 'journal': 4}",2.0,0.0,56.916666666666664,Amazon
1400900759,R. Batista-Navarro,157,2002,22,2009,2025,17,9.235294117647058,23,65,arXiv.org,79.0,0.9361013837078499,"{'journal': 22, 'conference': 51}",2.3181818181818183,0.2978723404255319,12.751592356687897,
40695489,Joel Grus,11,1680,6,2008,2022,15,0.7333333333333333,1,1,Conference on Empirical Methods in Natural Language Processing,3.0,0.946394630357186,"{'conference': 2, 'journal': 1}",2.0,0.0,152.72727272727272,
2285945526,Hussein Sharif,1,135,1,2021,2021,1,1.0,0,1,,,,,,,135.0,
1390713264,Yuexiong Ding,24,937,11,2019,2025,7,3.4285714285714284,12,1,arXiv.org,14.0,0.9383479441849394,{'journal': 18},0.0,,39.041666666666664,
48948105,N. Dahlberg,7,2271,3,1950,2022,73,0.0958904109589041,3,2,Neural Information Processing Systems,4.0,0.9609640474436812,"{'conference': 2, 'journal': 2}",1.0,,324.42857142857144,
49847221,R. Németh,46,647,14,2003,2023,21,2.1904761904761907,19,16,Orvosi Hetilap,19.0,0.9616365834382327,{'journal': 20},0.0,,14.065217391304348,
2705113,Swabha Swayamdipta,40,6431,18,2012,2025,14,2.857142857142857,9,7,Conference on Empirical Methods in Natural Language Processing,17.0,0.8738913706734592,"{'conference': 24, 'journal': 1}",24.0,0.14285714285714285,160.775,Allen Institute for AI
153004464,Dan Otter,3,1284,3,2010,2020,11,0.2727272727272727,3,1,IEEE Transactions on Neural Networks and Learning Systems,2.0,1.0,,,,428.0,
2298902857,Patrick Haller,8,2264,4,2022,2025,4,2.0,3,0,arXiv.org,5.0,0.9165164431996023,{'conference': 4},inf,0.0,283.0,
144029598,Batya Friedman,135,11635,48,1983,2023,41,3.292682926829268,62,45,CHI Extended Abstracts,51.0,0.8605832256272603,"{'journal': 9, 'conference': 36}",4.0,0.34375,86.18518518518519,
51878929,Samuele Garda,16,2348,6,2018,2024,7,2.2857142857142856,4,0,Bioinformatics,11.0,0.9807239409418418,"{'journal': 4, 'conference': 5}",1.25,0.0,146.75,
2136480655,Ilana Heinz,1,902,1,2021,2021,1,1.0,0,0,ACM Computing Surveys,1.0,0.0,{'journal': 1},0.0,,902.0,
144922861,Christopher Potts,183,31777,56,2001,2023,23,7.956521739130435,59,127,arXiv.org,46.0,0.8685732843942676,"{'conference': 59, 'journal': 19}",3.1052631578947367,0.1951219512195122,173.6448087431694,
2174177330,Shlok S Deshmukh,2,2229,2,2022,2022,1,2.0,0,0,arXiv.org,2.0,1.0,{'conference': 1},inf,,1114.5,
2471699,Emily M. Bender,130,8897,28,1908,2024,117,1.1111111111111112,68,74,Proceedings of the International Conference on Head-Driven Phrase Structure Grammar,36.0,0.9093211924705359,"{'journal': 19, 'conference': 30}",1.5789473684210527,0.10256410256410256,68.43846153846154,University of Washington
144035647,I. Trofimov,26,351,10,2012,2025,14,1.8571428571428572,8,6,IEEE Access,14.0,0.8968014208272734,"{'journal': 8, 'conference': 11}",1.375,0.25,13.5,
2118270918,Yi-Ting Guo,57,485,12,2018,2025,8,7.125,1,43,arXiv.org,18.0,0.7225258699616715,"{'journal': 3, 'conference': 21}",7.0,0.07692307692307693,8.508771929824562,
1742509,Kirk Roberts,153,4445,33,1994,2023,30,5.1,49,51,American Medical Informatics Association Annual Symposium,54.0,0.8488591963160583,"{'journal': 25, 'conference': 60}",2.4,0.717948717948718,29.052287581699346,
144154709,Jacob Eisenstein,168,11917,53,1998,2022,25,6.72,54,90,arXiv.org,51.0,0.828317157244893,"{'conference': 74, 'journal': 13}",5.6923076923076925,0.06153846153846154,70.93452380952381,
51132439,Shenyu Xu,6,172,6,2018,2021,4,1.5,1,0,Computer graphics forum (Print),3.0,0.920619835714305,{'journal': 2},0.0,,28.666666666666668,
1738680812,J. Hochgesang,28,326,8,2010,2024,15,1.8666666666666667,6,7,International Conference on Language Resources and Evaluation,8.0,0.8845147656768563,"{'journal': 3, 'conference': 6}",2.0,0.5,11.642857142857142,
2240597,David McClosky,33,9807,19,1959,2016,58,0.5689655172413793,16,11,Annual Meeting of the Association for Computational Linguistics,10.0,0.9264416779575481,"{'conference': 17, 'journal': 1}",17.0,0.0,297.1818181818182,
2286365882,David Barry,2,624,1,2023,2024,2,1.0,0,1,"Proceedings of the Institution of Mechanical Engineers. Part O, Journal of risk and reliability",2.0,1.0,{'journal': 1},0.0,,312.0,
33593082,Chee‐Wee Tan,165,3287,30,2002,2023,22,7.5,20,84,Pacific Asia Conference on Information Systems,38.0,0.8135093163154936,"{'journal': 36, 'conference': 77}",2.138888888888889,0.013333333333333334,19.921212121212122,
2114751778,Minh Nguyen,8,287,6,2018,2022,5,1.6,6,0,STARSEM,8.0,1.0,{'conference': 5},inf,0.5,35.875,
2268272,Emma Strubell,77,6005,21,2011,2025,15,5.133333333333334,12,20,arXiv.org,23.0,0.7568532264799749,"{'conference': 33, 'journal': 6}",5.5,0.0,77.98701298701299,
153345698,Tianxiang Sun,45,3134,20,2019,2024,6,7.5,13,0,arXiv.org,13.0,0.8387394659819745,"{'conference': 22, 'journal': 3}",7.333333333333333,0.0,69.64444444444445,
2141516697,Michael Hassid,9,281,7,2021,2025,5,1.8,4,0,arXiv.org,7.0,0.9708357627258162,"{'conference': 6, 'journal': 1}",6.0,0.0,31.22222222222222,
1405384395,Luis Espinosa-Anke,10,819,5,2019,2023,5,2.0,0,1,JMIR AI,7.0,0.9999999999999999,"{'conference': 4, 'journal': 2}",2.0,0.0,81.9,
146072982,Andrew Gaut,8,607,4,2000,2024,25,0.32,3,1,Annual Meeting of the Association for Computational Linguistics,4.0,0.9609640474436812,{'conference': 3},inf,0.0,75.875,
108549888,E. Davidson,11,310,5,2011,2023,13,0.8461538461538461,4,0,BMC Medical Informatics and Decision Making,6.0,0.9755037590061084,{'journal': 5},0.0,,28.181818181818183,
2067510131,Diksha Khurana,2,922,2,2017,2020,4,0.5,1,1,Multimedia tools and applications,1.0,0.0,{'journal': 1},0.0,,461.0,
51918868,Victor Sanh,36,11871,13,2003,2024,22,1.6363636363636365,7,0,arXiv.org,7.0,0.9080630942453353,{'conference': 10},inf,0.0,329.75,
2108605329,Ji-Ung Lee,13,161,6,2017,2024,8,1.625,6,0,arXiv.org,8.0,0.9484503122074791,"{'conference': 2, 'journal': 5}",0.4,0.0,12.384615384615385,
145183709,J. Weston,246,92109,106,1998,2023,26,9.461538461538462,44,114,arXiv.org,52.0,0.8050368500209528,"{'conference': 118, 'journal': 29}",4.068965517241379,0.03296703296703297,374.4268292682927,
145944603,Sarvesh Soni,12,477,7,2019,2023,5,2.4,10,0,J. Am. Medical Informatics Assoc.,5.0,0.9609557933859341,{'conference': 5},inf,1.0,39.75,"National Library of Medicine, National Institutes of Health"
2257127518,Canwen Xu,41,2265,7,2019,2024,6,6.833333333333333,0,2,Annual Meeting of the Association for Computational Linguistics,5.0,0.9690222556651344,{'conference': 6},inf,0.0,55.24390243902439,
4145599,J. Cole,219,6954,41,1994,2022,29,7.551724137931035,78,73,Journal of Chemical Information and Modeling,39.0,0.9092008013165686,{'journal': 82},0.0,,31.753424657534246,
1994333,Marina Danilevsky,58,1904,19,2008,2024,17,3.411764705882353,10,10,Knowledge Discovery and Data Mining,30.0,0.9501909049044481,"{'conference': 29, 'journal': 5}",5.8,0.35,32.827586206896555,IBM Research
2896063,Romain Paulus,8,3023,6,2014,2021,8,1.0,4,0,npj Digital Medicine,6.0,0.9999999999999999,{'conference': 4},inf,0.0,377.875,
49402878,Ning Shi,13,131,4,2020,2023,4,3.25,6,1,Conference on Empirical Methods in Natural Language Processing,8.0,0.9172097224626078,"{'conference': 9, 'journal': 1}",9.0,0.3333333333333333,10.076923076923077,
144418438,Hinrich Schütze,431,27263,67,1989,2025,37,11.64864864864865,38,335,arXiv.org,107.0,0.7724700617741516,"{'conference': 254, 'journal': 37}",6.864864864864865,0.10909090909090909,63.25522041763341,
150341221,Wangchunshu Zhou,45,2045,22,2019,2024,6,7.5,25,3,arXiv.org,13.0,0.8381460021259081,"{'conference': 28, 'journal': 4}",7.0,0.0,45.44444444444444,AIWaves
2285943877,st Dastan,1,135,1,2021,2021,1,1.0,1,0,,,,,,,135.0,
103476203,Stella Biderman,50,13171,31,2015,2024,10,5.0,9,9,arXiv.org,18.0,0.7919326274054836,"{'conference': 20, 'journal': 3}",6.666666666666667,0.0,263.42,Booz Allen Hamilton
143954683,M. Fedorov,15,462,9,2018,2023,6,2.5,0,6,bioRxiv,13.0,0.9902871167541444,"{'journal': 10, 'conference': 3}",0.3,0.5,30.8,
33858862,Annika Marie Schoene,22,391,8,2016,2024,9,2.4444444444444446,12,5,IEEE Transactions on Affective Computing,17.0,0.9929910186265145,"{'conference': 8, 'journal': 6}",1.3333333333333333,0.16666666666666666,17.772727272727273,University of Hull
2464550,Margaret E. Roberts,48,9839,28,2013,2023,11,4.363636363636363,14,19,Political Analysis,24.0,0.9533031244083686,"{'journal': 23, 'conference': 10}",0.43478260869565216,0.0,204.97916666666666,
49889860,Yuhui Zhang,30,7334,16,2018,2025,8,3.75,16,2,arXiv.org,13.0,0.9377738284593863,{'conference': 13},inf,0.125,244.46666666666667,Stanford University
46181066,Iz Beltagy,50,15164,29,2011,2023,13,3.8461538461538463,17,8,Annual Meeting of the Association for Computational Linguistics,18.0,0.8590161208330959,"{'conference': 33, 'journal': 2}",16.5,0.1111111111111111,303.28,Allen Institute for Artificial Intelligence (AI2)
2089067,Yoav Goldberg,120,20377,51,1993,2023,31,3.870967741935484,33,56,Annual Meeting of the Association for Computational Linguistics,36.0,0.8327885191895417,"{'conference': 71, 'journal': 14}",5.071428571428571,0.09230769230769231,169.80833333333334,Bar-Ilan University
2180949,Yaser Keneshloo,9,767,6,2012,2020,9,1.0,7,1,SDM,6.0,0.9755037590061084,{'conference': 4},inf,1.0,85.22222222222223,
144874222,Michael Schmitz,8,2211,4,2002,2019,18,0.4444444444444444,2,3,The AI Magazine,4.0,1.0,"{'journal': 2, 'conference': 1}",0.5,0.0,276.375,Allen Institute for AI
2052143728,Bo Long,29,675,12,2020,2023,4,7.25,0,12,arXiv.org,15.0,0.9159601058783716,{'conference': 17},inf,0.2727272727272727,23.275862068965516,
1516120843,Tony Sun,7,1056,6,2019,2022,4,1.75,2,0,Annual Meeting of the Association for Computational Linguistics,5.0,0.9697238998682473,{'conference': 4},inf,0.0,150.85714285714286,
153083809,Ruisi Su,7,2372,4,2019,2025,7,1.0,1,0,arXiv.org,5.0,0.9697238998682473,"{'journal': 1, 'conference': 3}",3.0,0.0,338.85714285714283,
1875325,Arthit Suriyawongkul,10,119,3,2006,2024,19,0.5263157894736842,0,6,Social Science Research Network,5.0,0.9697238998682473,"{'journal': 3, 'conference': 1}",0.3333333333333333,0.0,11.9,ADAPT Centre
2679230,P. Kummervold,35,2284,19,2002,2024,23,1.5217391304347827,16,5,Journal of Medical Internet Research,25.0,0.9451982747224833,"{'conference': 5, 'journal': 21}",0.23809523809523808,0.0,65.25714285714285,
2140556750,Bohan Li,23,498,9,2013,2022,10,2.3,7,0,International Conference on Information Photonics,15.0,0.9536102086656472,"{'conference': 15, 'journal': 1}",15.0,0.36363636363636365,21.652173913043477,
2748728,Hefu Liu,158,6608,41,2006,2024,19,8.31578947368421,19,38,Pacific Asia Conference on Information Systems,48.0,0.8525909181987811,"{'journal': 67, 'conference': 50}",0.746268656716418,0.0,41.822784810126585,
2139792578,Fabio Barth,11,2255,4,2021,2025,5,2.2,1,1,arXiv.org,4.0,0.8962406251802889,{'conference': 1},inf,,205.0,
1790227,Xuanjing Huang,385,18735,64,1997,2024,28,13.75,5,284,Annual Meeting of the Association for Computational Linguistics,71.0,0.7714564197832469,"{'journal': 29, 'conference': 275}",9.482758620689655,0.09504132231404959,48.66233766233766,Fudan University
97662964,Morgan Funtowicz,5,1884,2,2019,2022,4,1.25,0,0,Conference on Empirical Methods in Natural Language Processing,2.0,1.0,{'conference': 1},inf,0.0,376.8,
1613102522,A. Rajasekharan,12,501,6,1999,2023,25,0.48,0,1,arXiv.org,7.0,0.9708357627258161,{'journal': 6},0.0,,41.75,
72673822,Muideen A. Ajagbe,5,298,4,2017,2022,6,0.8333333333333334,2,1,IEEE International Requirements Engineering Conference,3.0,0.9999999999999998,"{'conference': 1, 'journal': 1}",1.0,0.0,59.6,
2119044129,Kun Wang,26,517,10,2016,2023,8,3.25,0,0,Symposium on Field Programmable Gate Arrays,14.0,0.9622251746428663,"{'journal': 2, 'conference': 15}",7.5,0.6666666666666666,19.884615384615383,
40282288,Ting Liu,457,24828,73,2000,2022,23,19.869565217391305,24,250,Annual Meeting of the Association for Computational Linguistics,108.0,0.8105504444886005,"{'journal': 74, 'conference': 252}",3.4054054054054053,0.09917355371900827,54.328227571115974,
2329943,Ozan Irsoy,36,3224,15,2012,2024,13,2.769230769230769,18,4,arXiv.org,20.0,0.9119010405095449,"{'conference': 18, 'journal': 5}",3.6,0.25,89.55555555555556,
40010893,Ossama Obeid,24,832,13,1993,2024,32,0.75,8,2,International Conference on Language Resources and Evaluation,9.0,0.806975267673698,{'conference': 13},inf,0.07142857142857142,34.666666666666664,
40756403,Jason Bolton,8,2229,5,2015,2022,8,1.0,0,0,Text Analysis Conference,2.0,0.9182958340544894,{'conference': 6},inf,0.0,278.625,
30300197,Weizhe Yuan,23,4826,10,2021,2024,4,5.75,6,0,arXiv.org,10.0,0.9030899869919434,"{'conference': 10, 'journal': 2}",5.0,0.1111111111111111,209.82608695652175,
22243769,Nelson F. Liu,20,4839,13,2017,2023,7,2.857142857142857,12,0,arXiv.org,10.0,0.9124568882514589,"{'journal': 2, 'conference': 10}",5.0,0.25,241.95,Stanford University
1387447871,José Camacho-Collados,121,5568,35,2014,2024,11,11.0,21,46,Conference on Empirical Methods in Natural Language Processing,40.0,0.8598224933524202,"{'journal': 10, 'conference': 74}",7.4,0.15873015873015872,46.01652892561984,
2068334010,Yang Xiang,34,1626,17,2018,2022,5,6.8,6,0,J. Am. Medical Informatics Assoc.,17.0,0.9002375268453701,"{'conference': 7, 'journal': 12}",0.5833333333333334,0.75,47.8235294117647,
2108692967,Yufen Huang,16,458,12,2019,2023,5,3.2,4,0,AAAI Conference on Artificial Intelligence,11.0,0.9460818874660354,{'conference': 10},inf,0.1111111111111111,28.625,
28924497,Brandon M Stewart,58,8861,26,2006,2024,19,3.0526315789473686,5,24,Political Analysis,24.0,0.9626504181195333,"{'journal': 19, 'conference': 9}",0.47368421052631576,0.0,152.77586206896552,Princeton University
2285868436,Victor Sanh,19,4065,12,2020,2024,5,3.8,0,3,arXiv.org,6.0,0.9329350879565487,"{'conference': 8, 'journal': 1}",8.0,0.0,213.94736842105263,
2143853895,Ge Zhang,55,2883,24,2020,2024,5,11.0,4,6,arXiv.org,14.0,0.7694302326874536,{'conference': 25},inf,0.05263157894736842,52.41818181818182,01.ai
2081608023,Bhavitvya Malik,8,583,3,2021,2024,4,2.0,1,0,AMERICASNLP,6.0,0.9999999999999999,{'conference': 4},inf,0.25,72.875,
2112748109,Ming Liu,23,469,12,2019,2023,5,4.6,3,2,Conference on Empirical Methods in Natural Language Processing,16.0,0.9471887284983755,"{'conference': 13, 'journal': 1}",13.0,0.5,20.391304347826086,
1411036887,Mohammed A. M.Sadeeq,5,208,4,2018,2021,4,1.25,1,2,Journal of Applied Science and Technology Trends,2.0,0.9182958340544894,{'journal': 2},0.0,0.0,41.6,
2522197,F. Matthes,418,6078,37,1989,2023,35,11.942857142857143,45,253,Americas Conference on Information Systems,171.0,0.9227024189292197,"{'conference': 202, 'journal': 27}",7.481481481481482,0.3240223463687151,14.54066985645933,
2829009,Chenliang Li,148,7315,41,2002,2024,23,6.434782608695652,32,49,Annual International ACM SIGIR Conference on Research and Development in Information Retrieval,70.0,0.908442283299395,"{'journal': 52, 'conference': 56}",1.0769230769230769,0.32,49.42567567567568,
143857309,Kun Qian,53,761,12,2010,2023,14,3.7857142857142856,11,6,Frontiers in Veterinary Science,38.0,0.9634319367228119,"{'journal': 30, 'conference': 15}",0.5,0.13333333333333333,14.358490566037736,
2285226324,Michael Tin Chung Poon,1,129,1,2021,2021,1,1.0,0,0,BMC Medical Informatics and Decision Making,1.0,0.0,{'journal': 1},0.0,,129.0,
2114069742,Han Cai,26,1319,15,2019,2025,7,3.7142857142857144,10,0,arXiv.org,10.0,0.8312694650209972,{'conference': 9},inf,0.75,50.73076923076923,
21432929,Michael Karlen,2,7712,2,2008,2011,4,0.5,1,0,Journal of machine learning research,2.0,1.0,"{'journal': 1, 'conference': 1}",1.0,0.0,3856.0,
1713128,Quan Z. Sheng,533,16346,59,2008,2024,17,31.352941176470587,51,142,WISE,190.0,0.9059792494119729,"{'journal': 168, 'conference': 176}",1.0476190476190477,0.19230769230769232,30.66791744840525,"School of Computing, Macquarie University, North Ryde, NSW, Australia"
1696645,Nizar Habash,315,12401,60,1990,2023,34,9.264705882352942,76,126,International Conference on Language Resources and Evaluation,77.0,0.8267661863201355,"{'journal': 20, 'conference': 172}",8.6,0.15757575757575756,39.36825396825397,
121011351,S. Avestimehr,96,3463,26,2005,2025,21,4.571428571428571,7,55,arXiv.org,39.0,0.800170552131318,"{'journal': 12, 'conference': 23}",1.9166666666666667,0.6666666666666666,36.072916666666664,
2129449392,Yizhi Li,37,500,13,2021,2025,5,7.4,7,0,arXiv.org,10.0,0.6642616396032679,"{'conference': 12, 'journal': 1}",12.0,0.0,13.513513513513514,University of Manchester
2273203486,Bukuroshe Elira Epoka,1,63,1,2023,2023,1,1.0,1,1,Journal of Robotics Spectrum,1.0,0.0,,,,63.0,
83928755,C. Caucheteux,40,4381,19,1984,2025,42,0.9523809523809523,12,4,arXiv.org,18.0,0.932642561813224,"{'journal': 17, 'conference': 3}",0.17647058823529413,0.0,109.525,
40483594,Wenpeng Yin,68,5179,29,2012,2023,12,5.666666666666667,35,8,arXiv.org,26.0,0.8741687194587366,"{'journal': 12, 'conference': 36}",3.0,0.034482758620689655,76.16176470588235,
2136457937,Hayley Ross,3,903,1,2020,2023,4,0.75,1,1,ГОДИШЊАК ФИЛОЗОФСКОГ ФАКУЛТЕТА У НОВОМ САДУ,2.0,1.0,{'journal': 1},0.0,,301.0,
1911631,Karan Jain,6,484,4,2018,2019,2,3.0,0,6,Apress,1.0,0.0,,,,80.66666666666667,
4894686,A. Hiszpanski,48,1274,18,2010,2025,16,3.0,15,8,arXiv.org,20.0,0.9290574583748205,{'journal': 23},0.0,,26.541666666666668,
3214791,Peter Ondruska,24,3154,18,2011,2021,11,2.1818181818181817,7,12,arXiv.org,12.0,0.8988076095240874,"{'conference': 12, 'journal': 1}",12.0,0.2727272727272727,131.41666666666666,
2192424,A. Lavelli,151,3214,29,1990,2025,36,4.194444444444445,20,40,International Conference on Language Resources and Evaluation,65.0,0.9392735177386821,"{'conference': 68, 'journal': 14}",4.857142857142857,0.41509433962264153,21.28476821192053,
2166511,R. Socher,219,151527,86,2007,2024,18,12.166666666666666,26,100,arXiv.org,39.0,0.7729186640546605,"{'journal': 16, 'conference': 100}",6.25,0.036585365853658534,691.9041095890411,
2065251344,James Bradbury,23,49719,11,2015,2024,10,2.3,0,0,arXiv.org,10.0,0.9407187364499412,"{'conference': 8, 'journal': 3}",2.6666666666666665,0.0,2161.695652173913,
3004898,M. Samwald,134,6936,32,2005,2024,20,6.7,30,51,arXiv.org,61.0,0.9249184340623526,"{'journal': 53, 'conference': 22}",0.41509433962264153,0.14285714285714285,51.76119402985075,
13033978,E. Artemova,52,646,12,2019,2024,6,8.666666666666666,6,25,arXiv.org,25.0,0.9160655097574538,"{'conference': 27, 'journal': 5}",5.4,0.16,12.423076923076923,
8471176,Yutai Hou,29,1098,13,2016,2025,10,2.9,15,0,arXiv.org,14.0,0.9469536242392339,"{'journal': 7, 'conference': 12}",1.7142857142857142,0.0,37.86206896551724,
41037252,Jinlan Fu,31,5253,16,2015,2023,9,3.4444444444444446,13,2,Conference on Empirical Methods in Natural Language Processing,15.0,0.8770681848900138,"{'conference': 27, 'journal': 1}",27.0,0.045454545454545456,169.4516129032258,
2256319,Wanxiang Che,222,10541,51,2004,2023,20,11.1,24,38,Annual Meeting of the Association for Computational Linguistics,58.0,0.8163387395242736,"{'conference': 133, 'journal': 24}",5.541666666666667,0.08661417322834646,47.48198198198198,
144053995,Martin Müller,14,787,11,2007,2020,14,1.0,8,0,arXiv.org,10.0,0.9750064312311533,{'journal': 10},0.0,,56.214285714285715,
2085709,Aston Zhang,65,4897,29,2014,2023,10,6.5,12,5,International Conference on Learning Representations,30.0,0.9102628915089136,"{'conference': 38, 'journal': 6}",6.333333333333333,0.15625,75.33846153846154,
65966956,A. Alhazmi,15,816,5,2019,2024,6,2.5,4,5,IEEE International Joint Conference on Neural Network,10.0,0.9575261403463023,"{'conference': 8, 'journal': 2}",4.0,0.0,54.4,
13666022,G. Baumer,2,426,2,2017,2018,2,1.0,0,0,Annual Meeting of the Association for Computational Linguistics,2.0,1.0,"{'conference': 1, 'journal': 1}",1.0,0.0,213.0,
2061649994,Tom Young,14,4389,10,2009,2022,14,1.0,8,2,AAAI Conference on Artificial Intelligence,7.0,0.9487695103589051,"{'conference': 4, 'journal': 4}",1.0,0.0,313.5,
21780262,Rajkumar Ramamurthy,36,1057,10,2000,2025,26,1.3846153846153846,13,2,International Conference on Artificial Neural Networks,18.0,0.8872338792410369,"{'conference': 20, 'journal': 4}",5.0,0.42857142857142855,29.36111111111111,
49252800,Jie Fu,91,1813,20,1998,2024,27,3.3703703703703702,15,33,arXiv.org,48.0,0.9175204038587217,"{'journal': 20, 'conference': 36}",1.8,0.0,19.923076923076923,Quebec AI Institute (Mila)
2006644,Erol-Valeriu Chioasca,9,248,8,2008,2021,14,0.6428571428571429,2,3,ACM Computing Surveys,7.0,0.9999999999999999,"{'journal': 1, 'conference': 3}",3.0,0.3333333333333333,27.555555555555557,
1929563111,Simon Brandeis,3,563,2,2020,2021,2,1.5,1,0,Conference on Empirical Methods in Natural Language Processing,2.0,1.0,{'conference': 1},inf,0.0,187.66666666666666,
52132700,Subhi R. M. Zeebaree,128,3405,34,2015,2024,10,12.8,10,30,Asian Journal of Research in Computer Science,51.0,0.9363936779458967,"{'journal': 35, 'conference': 10}",0.2857142857142857,0.0,26.6015625,
2018549,R. Sifa,183,2558,26,2012,2025,14,13.071428571428571,30,87,BigData Congress [Services Society],61.0,0.874508685777029,"{'journal': 17, 'conference': 122}",7.176470588235294,0.2727272727272727,13.978142076502733,
2066962303,Juraj Vladika,21,157,6,2019,2025,7,3.0,13,0,arXiv.org,14.0,0.9440847282550952,{'conference': 13},inf,0.14285714285714285,7.476190476190476,
3428769,Victor Zhong,41,6227,22,2015,2023,9,4.555555555555555,12,4,Conference on Empirical Methods in Natural Language Processing,20.0,0.9256424155276598,"{'journal': 12, 'conference': 18}",1.5,0.0,151.8780487804878,University of Washington
2174176862,Théo Gigant,4,2229,2,2022,2024,3,1.3333333333333333,2,0,Conference on Empirical Methods in Natural Language Processing,4.0,1.0,{'conference': 3},inf,0.0,557.25,
2257007291,Thomas Wolf,54,2264,7,2008,2024,17,3.176470588235294,10,0,Conference on Empirical Methods in Natural Language Processing,4.0,0.9211854965885543,{'conference': 5},inf,0.0,41.925925925925924,
4981508,Myungsun Kang,5,2249,3,2020,2022,3,1.6666666666666667,0,0,arXiv.org,3.0,0.946394630357186,"{'conference': 1, 'journal': 1}",1.0,,449.8,
2269296214,Beatrice Alex,9,134,2,2008,2024,17,0.5294117647058824,0,6,arXiv.org,7.0,0.9999999999999999,"{'conference': 2, 'journal': 2}",1.0,0.0,14.88888888888889,
2561225,D. Klakow,350,5540,33,1993,2024,32,10.9375,18,265,Interspeech,120.0,0.8809435350638909,"{'conference': 209, 'journal': 16}",13.0625,0.4460431654676259,15.82857142857143,
1724648481,Oscar Sainz,15,1334,8,2020,2024,5,3.0,9,0,International Conference on Language Resources and Evaluation,12.0,0.9782223928152854,"{'conference': 11, 'journal': 1}",11.0,0.1,88.93333333333334,University of the Basque Country
2165346,Mai Elsherief,21,1579,13,2013,2023,11,1.9090909090909092,13,2,North American Chapter of the Association for Computational Linguistics,14.0,0.957735598419171,"{'conference': 14, 'journal': 3}",4.666666666666667,0.25,75.19047619047619,
2144215438,Shi Wang,5,79,5,2022,2024,3,1.6666666666666667,0,0,arXiv.org,4.0,0.9609640474436812,{'conference': 2},inf,0.0,15.8,
2715920,Malihe Alikhani,79,849,14,2015,2025,11,7.181818181818182,13,43,arXiv.org,31.0,0.893596794857727,"{'conference': 47, 'journal': 8}",5.875,0.07142857142857142,10.746835443037975,Rutgers University
2420100,Mai Oudah,18,538,10,2012,2023,12,1.5,7,5,Practical Applications of Computational Biology & Bioinformatics,15.0,0.9918373461380351,"{'conference': 7, 'journal': 7}",1.0,0.25,29.88888888888889,
122556419,Charin Polpanumas,10,260,6,2017,2024,8,1.25,1,0,arXiv.org,7.0,0.8983289127685204,"{'conference': 1, 'journal': 4}",0.25,0.0,26.0,
37506225,Arlene Casey,24,210,5,2015,2024,10,2.4,9,5,arXiv.org,13.0,0.9774175183086489,"{'journal': 4, 'conference': 5}",1.25,0.2,8.75,
1800422,Jianfeng Gao,409,57674,94,1980,2024,45,9.088888888888889,66,118,arXiv.org,106.0,0.7991515297753699,"{'journal': 36, 'conference': 203}",5.638888888888889,0.26506024096385544,141.0122249388753,
1484109150,Minh Chien Vu,11,2623,6,2018,2024,7,1.5714285714285714,3,0,arXiv.org,5.0,0.9629610647945144,"{'conference': 3, 'journal': 1}",3.0,0.0,238.45454545454547,
51139941,Evgeny Burnaev,201,4632,33,2013,2025,13,15.461538461538462,16,114,arXiv.org,64.0,0.8494555947077758,"{'conference': 97, 'journal': 40}",2.425,0.42028985507246375,23.044776119402986,Skoltech
144547315,E. Hovy,631,48434,97,2002,2023,22,28.681818181818183,64,301,Annual Meeting of the Association for Computational Linguistics,141.0,0.8141478804639817,"{'conference': 278, 'journal': 31}",8.96774193548387,0.11206896551724138,76.75752773375595,
2115828187,Xiaowei Luo,13,336,9,2019,2025,7,1.8571428571428572,0,8,Automation in Construction,6.0,0.7872226051203908,{'journal': 12},0.0,,25.846153846153847,
47261946,Philipp Schmid,15,1116,9,1993,2021,29,0.5172413793103449,8,3,EUROSPEECH,5.0,0.9349775297671233,"{'journal': 1, 'conference': 4}",4.0,0.75,74.4,
46505742,S. Sangeetha,39,778,12,2009,2023,15,2.6,12,21,Journal of Biomedical Informatics,29.0,0.9906378812158404,"{'journal': 8, 'conference': 6}",0.75,0.25,19.94871794871795,"National Institute of Technology, Tiruchirappalli"
2154731574,Yuxin Huang,4,569,3,2019,2024,6,0.6666666666666666,0,0,Annual Meeting of the Association for Computational Linguistics,3.0,0.946394630357186,"{'journal': 1, 'conference': 3}",3.0,0.0,142.25,
2013656,Jannik Strotgen,95,2745,22,2010,2025,16,5.9375,20,30,The Web Conference,31.0,0.9065038506462485,"{'conference': 66, 'journal': 4}",16.5,0.2558139534883721,28.894736842105264,
12046785,Natasha Seelam,7,2299,6,2011,2022,12,0.5833333333333334,1,1,BIGSCIENCE,4.0,1.0,"{'conference': 1, 'journal': 1}",1.0,,328.42857142857144,
2083688752,François Lagunas,4,770,2,2017,2021,5,0.8,1,1,Conference on Empirical Methods in Natural Language Processing,1.0,0.0,{'conference': 2},inf,0.0,192.5,
47739850,Jiaao Chen,33,2415,18,2018,2024,7,4.714285714285714,18,0,Conference on Empirical Methods in Natural Language Processing,12.0,0.875629146732344,"{'conference': 25, 'journal': 4}",6.25,0.047619047619047616,73.18181818181819,Georgia Institute of Technology
46909769,Xiaojie Guo,43,1908,17,2015,2024,10,4.3,6,16,Knowledge Discovery and Data Mining,26.0,0.9365930846644278,"{'journal': 11, 'conference': 20}",1.8181818181818181,0.14285714285714285,44.372093023255815,
31592365,Jason Alan Fries,38,6194,21,2012,2025,14,2.7142857142857144,6,2,arXiv.org,19.0,0.8831317779712174,"{'conference': 8, 'journal': 7}",1.1428571428571428,0.2,163.0,Stanford University
2249845515,Ke Xu,5,100,3,2023,2024,2,2.5,0,0,arXiv.org,3.0,0.8649735207179272,{'conference': 2},inf,0.0,20.0,
48361424,R. Aharonov,95,7294,32,1997,2024,28,3.392857142857143,5,17,Journal of Clinical Oncology,37.0,0.8874305721779325,"{'journal': 41, 'conference': 24}",0.5853658536585366,0.04,76.77894736842106,
2153525636,Heng Zhang,12,284,7,2020,2023,4,3.0,0,3,arXiv.org,9.0,0.9533522741071694,"{'journal': 2, 'conference': 6}",3.0,0.25,23.666666666666668,
3046313,M. Salathé,120,13413,45,2005,2023,19,6.315789473684211,26,50,arXiv.org,59.0,0.9236435212555492,"{'journal': 66, 'conference': 10}",0.15151515151515152,0.25,111.775,
103682620,Sylvain Gugger,31,2548,4,2019,2024,6,5.166666666666667,0,0,Conference on Empirical Methods in Natural Language Processing,3.0,0.8649735207179272,{'conference': 4},inf,0.0,82.19354838709677,
2077612662,Aditya Koli,1,917,1,2017,2017,1,1.0,0,0,Multimedia tools and applications,1.0,0.0,{'journal': 1},0.0,,917.0,
3008389,J. Plu,71,2833,11,2008,2024,17,4.176470588235294,16,5,Conference on Empirical Methods in Natural Language Processing,15.0,0.9503843756940993,"{'conference': 14, 'journal': 1}",14.0,0.4444444444444444,39.901408450704224,
144661918,John Bauer,15,9389,11,2010,2024,15,1.0,1,0,Annual Meeting of the Association for Computational Linguistics,7.0,0.9708357627258162,"{'conference': 7, 'journal': 1}",7.0,0.14285714285714285,625.9333333333333,
4671928,Roy Schwartz,57,7276,29,2011,2023,13,4.384615384615385,15,14,Conference on Empirical Methods in Natural Language Processing,19.0,0.835175391900889,"{'journal': 4, 'conference': 40}",10.0,0.0,127.64912280701755,The Hebrew University of Jerusalem
2117008214,Edward Kim,12,1203,7,2003,2023,21,0.5714285714285714,6,0,npj Computational Materials,7.0,0.979569764547061,{'journal': 5},0.0,,100.25,
65811175,John W. Ricketts,4,627,2,1912,2024,113,0.035398230088495575,4,1,"Proceedings of the Institution of Mechanical Engineers. Part O, Journal of risk and reliability",3.0,0.9999999999999998,"{'journal': 1, 'conference': 1}",1.0,,156.75,
2257128341,Clara Ma,28,1997,4,2019,2024,6,4.666666666666667,0,0,Conference on Empirical Methods in Natural Language Processing,4.0,0.9609640474436812,{'conference': 4},inf,0.0,71.32142857142857,
73769459,Amit Moryossef,29,682,12,2019,2024,6,4.833333333333333,18,4,arXiv.org,16.0,0.8854358801504648,"{'conference': 13, 'journal': 1}",13.0,0.36363636363636365,23.517241379310345,
1379806208,Teven Le Scao,48,10335,18,2019,2024,6,8.0,5,1,arXiv.org,8.0,0.8533326694521176,{'conference': 18},inf,0.0,215.3125,
1602993448,Kayo Yin,11,543,9,2020,2022,3,3.6666666666666665,8,1,Annual Meeting of the Association for Computational Linguistics,5.0,0.881353453268883,{'conference': 9},inf,0.0,49.36363636363637,École Polytechnique
3644767,Samuel R. Bowman,99,30740,43,2010,2023,14,7.071428571428571,22,55,arXiv.org,32.0,0.8294722179803085,"{'journal': 4, 'conference': 52}",13.0,0.18604651162790697,310.5050505050505,New York University
1705425,P. Kantor,197,9564,27,1959,2021,63,3.126984126984127,81,98,Text Retrieval Conference,36.0,0.8830250785709343,"{'conference': 51, 'journal': 17}",3.0,0.2727272727272727,48.54822335025381,
72272761,Qiang Wei,31,1201,12,2016,2024,9,3.4444444444444446,9,1,American Medical Informatics Association Annual Symposium,15.0,0.9057099981738721,"{'conference': 11, 'journal': 6}",1.8333333333333333,0.8571428571428571,38.74193548387097,
152277155,Michael R. Lucas,4,1636,4,2013,2023,11,0.36363636363636365,1,0,Patterns,4.0,1.0,"{'journal': 1, 'conference': 1}",1.0,0.0,409.0,Truveta
88728159,Sam Shleifer,43,8214,13,2019,2025,7,6.142857142857143,1,0,arXiv.org,7.0,0.7806678181414528,"{'conference': 7, 'journal': 1}",7.0,0.0,191.02325581395348,
144932816,Julian R. Medina,3,1291,3,2018,2020,3,1.0,1,0,IEEE Transactions on Neural Networks and Learning Systems,3.0,0.9999999999999998,{'conference': 1},inf,0.0,430.3333333333333,
2286630265,Jonathan Pelham,2,624,1,2023,2024,2,1.0,0,1,"Proceedings of the Institution of Mechanical Engineers. Part O, Journal of risk and reliability",2.0,1.0,{'journal': 1},0.0,,312.0,
50407992,M. Bommarito,48,1928,19,2005,2025,21,2.2857142857142856,20,13,arXiv.org,14.0,0.923973262182358,"{'journal': 12, 'conference': 4}",0.3333333333333333,0.0,40.166666666666664,
2165227550,Gabriel Altay,7,2239,3,2022,2025,4,1.75,0,0,arXiv.org,4.0,0.8962406251802889,"{'journal': 2, 'conference': 1}",0.5,,319.85714285714283,
2069288370,Stella Ho,9,134,4,2019,2024,6,1.5,6,0,International Conference on Algorithms and Architectures for Parallel Processing,6.0,0.967132018086354,"{'conference': 3, 'journal': 2}",1.5,0.0,14.88888888888889,
8449394,A. Torfi,25,671,10,2016,2021,6,4.166666666666667,21,6,arXiv.org,10.0,0.8054653980879477,"{'conference': 6, 'journal': 3}",2.0,0.0,26.84,
2285228233,Daniel Duma,1,129,1,2021,2021,1,1.0,0,0,BMC Medical Informatics and Decision Making,1.0,0.0,{'journal': 1},0.0,,129.0,
82563120,Karolina Stańczak,10,180,6,2014,2025,12,0.8333333333333334,5,1,PLoS ONE,7.0,0.979569764547061,"{'conference': 5, 'journal': 2}",2.5,0.3333333333333333,18.0,Mila;McGill University
31805805,Júlia Koltai,29,227,9,2016,2024,9,3.2222222222222223,6,9,Intersections,13.0,0.9616475024856016,"{'conference': 2, 'journal': 7}",0.2857142857142857,0.0,7.827586206896552,
34694214,J. Kalita,323,9828,43,1984,2025,42,7.690476190476191,23,276,arXiv.org,128.0,0.9372005807602779,"{'journal': 76, 'conference': 92}",1.2105263157894737,0.12643678160919541,30.427244582043343,
3043830,Yiming Cui,59,4262,23,2012,2024,13,4.538461538461538,25,0,arXiv.org,24.0,0.8431896502789532,"{'conference': 29, 'journal': 6}",4.833333333333333,0.2,72.23728813559322,iFLYTEK Research
1767521,Xipeng Qiu,246,18898,59,2004,2024,21,11.714285714285714,33,55,arXiv.org,66.0,0.7656083613562938,"{'conference': 140, 'journal': 26}",5.384615384615385,0.05511811023622047,76.82113821138212,Fudan University
144653901,Daniel Loureiro,25,1069,11,2011,2023,13,1.9230769230769231,16,1,arXiv.org,13.0,0.9665385514523047,"{'conference': 12, 'journal': 1}",12.0,0.0,42.76,Cardiff University
2071515376,Talayeh Riahi,3,118,2,2019,2023,5,0.6,1,0,arXiv.org,2.0,1.0,{'conference': 1},inf,0.0,39.333333333333336,
49889487,Yuhao Zhang,42,5494,19,2013,2023,11,3.8181818181818183,16,4,Annual Meeting of the Association for Computational Linguistics,29.0,0.9678395753508259,"{'journal': 11, 'conference': 18}",1.6363636363636365,0.17647058823529413,130.8095238095238,"AWS AI, Stanford University"
2125822087,Th'eo Matussiere,2,559,1,2021,2021,1,2.0,0,0,Conference on Empirical Methods in Natural Language Processing,1.0,0.0,{'conference': 1},inf,0.0,279.5,
145662441,Thomas Wolf,338,5731,34,1985,2023,39,8.666666666666666,69,119,SAE technical paper series,87.0,0.9532532264106419,"{'journal': 66, 'conference': 23}",0.3484848484848485,0.42105263157894735,16.95562130177515,
2109664620,Wenhu Chen,22,732,12,2019,2024,6,3.6666666666666665,1,1,arXiv.org,10.0,0.9047994130524945,"{'conference': 13, 'journal': 1}",13.0,0.1111111111111111,33.27272727272727,
2852125,Debajyoti Datta,59,6111,14,2001,2023,23,2.5652173913043477,30,7,arXiv.org,37.0,0.9193577076335152,"{'journal': 24, 'conference': 13}",0.5416666666666666,0.5,103.57627118644068,
2814303,Nasser Zalmout,32,855,16,2013,2025,13,2.4615384615384617,14,3,Conference on Empirical Methods in Natural Language Processing,15.0,0.8974801730690048,"{'conference': 23, 'journal': 4}",5.75,0.0,26.71875,
2068807200,Kai Shen,9,341,5,2010,2023,14,0.6428571428571429,2,2,arXiv.org,6.0,0.9306282244165779,{'conference': 2},inf,0.0,37.888888888888886,
152842060,Leonardo Neves,102,3292,27,2003,2023,21,4.857142857142857,14,18,arXiv.org,33.0,0.9567356732449204,"{'conference': 27, 'journal': 16}",1.6875,0.16666666666666666,32.27450980392157,
36785672,Alexander Erdmann,16,639,10,2016,2021,6,2.6666666666666665,8,0,Annual Meeting of the Association for Computational Linguistics,9.0,0.9417346261113355,"{'conference': 11, 'journal': 1}",11.0,0.25,39.9375,
11963742,Kianté Brantley,32,758,11,2015,2025,11,2.909090909090909,8,2,arXiv.org,10.0,0.8420444524398591,{'conference': 15},inf,0.0,23.6875,
144158271,Chuang Gan,133,15014,60,2013,2023,11,12.090909090909092,21,24,arXiv.org,35.0,0.8447477233957605,"{'conference': 75, 'journal': 14}",5.357142857142857,0.041666666666666664,112.88721804511279,
2974320,Victor Veitch,45,3743,24,2012,2023,12,3.75,19,13,Neural Information Processing Systems,16.0,0.8774214242280157,"{'conference': 16, 'journal': 8}",2.0,0.0,83.17777777777778,
37585306,John Giorgi,21,3267,10,2018,2023,6,3.5,9,0,arXiv.org,10.0,0.9265160001059998,"{'conference': 6, 'journal': 6}",1.0,1.0,155.57142857142858,"University of Toronto, Donnelly Centre for Cellular and Biomolecular Research, Vector Institute for Artificial Intelligence"
1397064923,M. Freidank,6,2247,3,2019,2025,7,0.8571428571428571,0,0,Communications Medicine,5.0,1.0000000000000002,"{'journal': 3, 'conference': 1}",0.3333333333333333,,374.5,
1397974254,Eugenio Martínez-Cámara,84,2460,28,2008,2023,16,5.25,20,6,Proces. del Leng. Natural,37.0,0.9086963417366677,"{'journal': 25, 'conference': 15}",0.6,0.25,29.285714285714285,University of Jaén
2285947881,th Karzan,1,135,1,2021,2021,1,1.0,0,0,,,,,,,135.0,
46651096,E. Olivetti,158,6524,42,2003,2024,22,7.181818181818182,16,70,Environmental Science and Technology,52.0,0.9503333668856773,"{'journal': 63, 'conference': 8}",0.12698412698412698,1.8333333333333333,41.29113924050633,
3083253,Tianxing He,32,1185,16,2014,2023,10,3.2,15,2,arXiv.org,18.0,0.9147339441021827,"{'conference': 18, 'journal': 3}",6.0,0.4666666666666667,37.03125,
2109055619,Liping Zhao,9,187,5,2007,2023,17,0.5294117647058824,2,5,Information and Software Technology,8.0,1.0,"{'journal': 3, 'conference': 3}",1.0,0.3333333333333333,20.77777777777778,
48040328,Salam Khalifa,38,957,16,2014,2024,11,3.4545454545454546,10,5,International Conference on Language Resources and Evaluation,15.0,0.8505281222633799,"{'journal': 3, 'conference': 25}",8.333333333333334,0.4,25.18421052631579,Stony Brook University
10796472,James H. Martin,163,11298,40,1921,2023,103,1.5825242718446602,51,83,Annual Meeting of the Association for Computational Linguistics,61.0,0.957968231691438,"{'conference': 50, 'journal': 19}",2.6315789473684212,0.3684210526315789,69.31288343558282,
1390573666,Zhanghao Wu,13,4395,10,2019,2023,5,2.6,3,0,Neural Information Processing Systems,9.0,0.9533522741071694,{'conference': 9},inf,0.4,338.0769230769231,
2242855749,Barbara J. Grosz,10,5248,5,1982,2021,40,0.25,5,3,International Joint Conference on Artificial Intelligence,4.0,1.0,"{'conference': 3, 'journal': 1}",3.0,0.0,524.8,
2287220107,†. AlessioFerrari,1,121,1,2020,2020,1,1.0,0,0,,,,,,,121.0,
2241781737,Honghan Wu,25,194,4,2020,2025,6,4.166666666666667,0,17,arXiv.org,15.0,0.914441696399412,"{'journal': 4, 'conference': 4}",1.0,1.0,7.76,
46609506,Amir Feder,33,1816,18,2017,2024,8,4.125,7,2,arXiv.org,17.0,0.9249353961278048,"{'conference': 13, 'journal': 11}",1.1818181818181819,0.2857142857142857,55.03030303030303,Columbia University
28972230,J. King,82,5879,34,2011,2023,13,6.3076923076923075,14,30,bioRxiv,31.0,0.8881512456263561,"{'conference': 7, 'journal': 46}",0.15217391304347827,0.0,71.6951219512195,
2125818054,Mariama Drame,24,2548,4,2019,2024,6,4.0,0,8,Conference on Empirical Methods in Natural Language Processing,3.0,0.8649735207179272,{'conference': 4},inf,0.0,106.16666666666667,
143888131,Nikita Klyuchnikov,22,331,9,2016,2024,9,2.4444444444444446,7,0,Journal of Petroleum Science and Engineering,13.0,0.9313594078495965,"{'journal': 9, 'conference': 2}",0.2222222222222222,0.0,15.045454545454545,
2174177869,Daniel Le'on Perin'an,2,2229,2,2022,2022,1,2.0,0,0,arXiv.org,2.0,1.0,{'conference': 1},inf,,1114.5,
1699545,Yejin Choi,277,46739,104,2005,2023,19,14.578947368421053,16,153,Conference on Empirical Methods in Natural Language Processing,45.0,0.7280717561419996,"{'conference': 189, 'journal': 23}",8.217391304347826,0.0,168.73285198555956,
152277111,Bing Qin,234,14744,45,2007,2023,17,13.764705882352942,3,64,Conference on Empirical Methods in Natural Language Processing,71.0,0.8442612156477922,"{'conference': 123, 'journal': 45}",2.7333333333333334,0.05660377358490566,63.00854700854701,
20515689,Ligeng Zhu,37,5186,19,2017,2025,9,4.111111111111111,8,4,arXiv.org,14.0,0.822615636215473,"{'journal': 3, 'conference': 14}",4.666666666666667,0.125,140.16216216216216,
3436466,Palash Goyal,61,3444,15,2015,2024,10,6.1,22,5,arXiv.org,32.0,0.9038629691504801,"{'conference': 19, 'journal': 10}",1.9,0.16666666666666666,56.459016393442624,Amazon Alexa AI-NU
2174028741,Gonzalo Medina,2,139,2,2022,2022,1,2.0,1,0,Annual Conference of the Spanish Society for Natural Language Processing,2.0,1.0,{'conference': 2},inf,0.0,69.5,
2109104122,Shucheng Li,12,386,5,2020,2024,5,2.4,5,0,arXiv.org,8.0,0.9484503122074791,"{'journal': 2, 'conference': 4}",2.0,0.5,32.166666666666664,Nanjing University
51583409,Bill Yuchen Lin,64,5863,35,2016,2024,9,7.111111111111111,26,6,arXiv.org,16.0,0.7720340391334293,"{'conference': 36, 'journal': 2}",18.0,0.06451612903225806,91.609375,Allen Institute for AI (AI2)
2699239,Yifan Peng,93,7130,29,2012,2023,12,7.75,26,12,arXiv.org,49.0,0.9221431518002916,"{'journal': 25, 'conference': 20}",0.8,0.7272727272727273,76.66666666666667,Weill Cornell Medicine
2620563,Longxiang Gao,195,4612,32,2009,2024,16,12.1875,24,57,IEEE Internet of Things Journal,90.0,0.9201976806773539,"{'journal': 77, 'conference': 36}",0.4675324675324675,0.23809523809523808,23.651282051282053,
1601562797,Karthi Sivaraman,3,2319,3,2019,2022,4,0.75,0,0,arXiv.org,3.0,0.9999999999999998,"{'conference': 1, 'journal': 1}",1.0,,773.0,
2113836945,Quentin Lhoest,18,4999,9,2008,2024,17,1.0588235294117647,1,0,Conference on Empirical Methods in Natural Language Processing,5.0,0.9122066329329885,{'conference': 7},inf,0.25,277.72222222222223,
7189717,Shankai Yan,22,1095,8,2017,2023,7,3.142857142857143,9,3,Journal of Biomedical Informatics,15.0,0.9820064253709695,"{'conference': 3, 'journal': 8}",0.375,0.3333333333333333,49.77272727272727,
3322871,Zhuosheng Zhang,104,4628,30,2018,2025,8,13.0,36,5,arXiv.org,22.0,0.8043326823772917,"{'conference': 49, 'journal': 11}",4.454545454545454,0.021739130434782608,44.5,Shanghai Jiao Tong University
1400227478,André F. T. Martins,28,1604,18,2017,2023,7,4.0,4,17,Conference on Machine Translation,9.0,0.7467371230234086,"{'conference': 24, 'journal': 1}",24.0,0.2727272727272727,57.285714285714285,
46586676,Liping Zhao,131,1230,17,1988,2022,35,3.742857142857143,41,54,IEEE International Conference on Web Services,66.0,0.9774239211968976,"{'journal': 22, 'conference': 34}",1.5454545454545454,0.25,9.389312977099237,
145827653,H. Khan,1,55,1,2021,2021,1,1.0,1,0,Symposium on Field Programmable Gate Arrays,1.0,0.0,{'conference': 1},inf,,55.0,
8160667,Julia El Zini,16,166,6,2016,2024,9,1.7777777777777777,9,1,arXiv.org,11.0,0.9619555747789698,"{'conference': 8, 'journal': 4}",2.0,0.0,10.375,
39944066,V. D. Pietra,27,17456,20,1986,2002,17,1.588235294117647,0,8,Human Language Technology - The Baltic Perspectiv,8.0,0.8307343690684712,"{'conference': 15, 'journal': 2}",7.5,0.0,646.5185185185185,
7415571,Dayiheng Liu,36,2383,16,2016,2024,9,4.0,16,1,arXiv.org,18.0,0.9261517921065269,"{'conference': 18, 'journal': 4}",4.5,0.0625,66.19444444444444,Alibaba Group
2115939351,Shijie Chen,11,504,6,2005,2023,19,0.5789473684210527,4,2,arXiv.org,9.0,0.9848586617875463,"{'conference': 6, 'journal': 2}",3.0,0.2,45.81818181818182,The Ohio State University
2026030439,Dongjin Choi,16,165,7,2017,2023,7,2.2857142857142856,8,0,arXiv.org,9.0,0.930688285550101,"{'conference': 5, 'journal': 4}",1.25,0.0,10.3125,
95329799,Yunfan Shao,24,2816,11,2019,2025,7,3.4285714285714284,5,0,arXiv.org,10.0,0.8668652429095505,"{'conference': 10, 'journal': 1}",10.0,0.0,117.33333333333333,Fudan University
3372941,Rotem Dror,20,1006,13,2016,2025,10,2.0,9,1,arXiv.org,11.0,0.9500489817691006,"{'conference': 9, 'journal': 6}",1.5,0.0,50.3,
2185329,Rémi Louf,37,2862,12,2013,2024,12,3.0833333333333335,10,3,arXiv.org,11.0,0.9619555747789698,"{'conference': 3, 'journal': 8}",0.375,0.0,77.35135135135135,
83079175,Pattarawat Chormai,8,163,6,2018,2023,6,1.3333333333333333,4,0,NLPOSS,6.0,0.9999999999999999,"{'journal': 2, 'conference': 1}",0.5,0.5,20.375,
143840275,Song Han,97,46109,53,2013,2023,11,8.818181818181818,16,50,arXiv.org,32.0,0.8534990553504053,"{'conference': 49, 'journal': 13}",3.769230769230769,0.8148148148148148,475.35051546391753,
40936264,Guoping Hu,87,4750,28,2000,2023,24,3.625,4,55,International Symposium on Chinese Spoken Language Processing,40.0,0.9181820350278675,"{'conference': 52, 'journal': 8}",6.5,0.38636363636363635,54.59770114942529,
2218114137,Shaochun Hao,1,32,1,2023,2023,1,1.0,0,0,arXiv.org,1.0,0.0,,,,32.0,
46219923,Albert Villanova del Moral,27,3687,17,2003,2023,21,1.2857142857142858,5,17,Neural Information Processing Systems,6.0,0.935944697445866,{'conference': 4},inf,1.0,136.55555555555554,
1814905,B. Kawas,22,636,10,2008,2024,17,1.2941176470588236,9,6,bioRxiv,15.0,0.9712720079261152,"{'journal': 7, 'conference': 7}",1.0,0.125,28.90909090909091,
1796312599,Lalita Lowphansirikul,8,221,5,2020,2024,5,1.6,2,0,Conference on Empirical Methods in Natural Language Processing,6.0,0.9755037590061084,"{'conference': 2, 'journal': 3}",0.6666666666666666,0.0,27.625,
1405279380,Viet Dac Lai,37,1053,15,2017,2025,9,4.111111111111111,21,1,arXiv.org,16.0,0.8623637005257331,"{'conference': 20, 'journal': 1}",20.0,0.15789473684210525,28.45945945945946,University of Oregon
73331542,周春婷,2,59,2,2016,2023,8,0.25,0,2,,,,,,,29.5,
2113412078,Hang Dong,10,276,6,2020,2022,3,3.3333333333333335,5,1,ACM Computing Surveys,8.0,1.0,"{'journal': 4, 'conference': 1}",0.25,0.0,27.6,
2136562,Mohit Iyyer,114,20595,42,2011,2025,15,7.6,14,59,Conference on Empirical Methods in Natural Language Processing,21.0,0.722064792917278,"{'conference': 73, 'journal': 3}",24.333333333333332,0.05172413793103448,180.6578947368421,
119994729,Simon Ott,12,2460,9,2019,2023,5,2.4,6,0,Scientific Data,10.0,0.9788379141596313,"{'journal': 5, 'conference': 2}",0.4,0.0,205.0,
144983077,Jonas Golde,9,2241,4,2022,2025,4,2.25,4,0,arXiv.org,5.0,0.8613531161467861,{'conference': 4},inf,0.0,249.0,
66986482,Samuel Cahyawijaya,58,5051,22,2014,2025,12,4.833333333333333,15,1,arXiv.org,27.0,0.9058869319025666,"{'conference': 30, 'journal': 2}",15.0,0.16666666666666666,87.08620689655173,
2766123,M. Soltanolkotabi,99,7169,39,2008,2025,18,5.5,9,47,arXiv.org,32.0,0.819592602820619,"{'journal': 14, 'conference': 44}",3.142857142857143,0.28125,72.41414141414141,
2244151777,Weisi Guo,25,701,6,2022,2025,4,6.25,0,18,"IEEE Transactions on Systems, Man, and Cybernetics: Systems",22.0,0.9875375532993242,"{'journal': 8, 'conference': 6}",0.75,0.125,28.04,
66247317,Canwen Xu,30,5928,18,2019,2023,5,6.0,17,0,Annual Meeting of the Association for Computational Linguistics,13.0,0.9137080707266794,"{'conference': 20, 'journal': 2}",10.0,0.0,197.6,
40642935,Matt Gardner,92,22700,47,1996,2023,28,3.2857142857142856,20,33,Conference on Empirical Methods in Natural Language Processing,19.0,0.7103626950538803,"{'conference': 65, 'journal': 8}",8.125,0.017241379310344827,246.7391304347826,Allen Institute for Artificial Intelligence
2840689,A. Callahan,73,3999,24,2008,2023,16,4.5625,33,7,JAMA Network Open,43.0,0.9672204698431713,"{'conference': 12, 'journal': 30}",0.4,1.75,54.78082191780822,
40500540,Xiaochuang Han,21,1037,15,2017,2023,7,3.0,12,1,Conference on Empirical Methods in Natural Language Processing,12.0,0.9294645056928434,{'conference': 13},inf,0.0,49.38095238095238,University of Washington
50531624,Peng Qi,37,6213,18,2012,2024,13,2.8461538461538463,10,0,Conference on Empirical Methods in Natural Language Processing,17.0,0.8745670948570389,"{'conference': 24, 'journal': 4}",6.0,0.08695652173913043,167.9189189189189,Orby AI
144003169,Claire Grover,142,3971,34,1987,2025,39,3.641025641025641,31,35,International Conference on Language Resources and Evaluation,56.0,0.9462197204699903,"{'journal': 19, 'conference': 40}",2.1052631578947367,0.13953488372093023,27.964788732394368,
144590225,D. Roth,586,35304,94,2003,2023,21,27.904761904761905,23,355,Conference on Empirical Methods in Natural Language Processing,101.0,0.7869637079621175,"{'conference': 303, 'journal': 52}",5.826923076923077,0.07364341085271318,60.2457337883959,
2669515,Zhengbao Jiang,31,6989,21,2016,2024,9,3.4444444444444446,16,0,Annual Meeting of the Association for Computational Linguistics,15.0,0.9328169654082606,"{'conference': 19, 'journal': 6}",3.1666666666666665,0.0625,225.4516129032258,
32794831,W. Zhang,129,2373,22,2009,2024,16,8.0625,35,29,arXiv.org,78.0,0.9571484968457916,"{'conference': 48, 'journal': 40}",1.2,0.24390243902439024,18.3953488372093,
2645384,K. Kavukcuoglu,113,187080,74,1977,2025,49,2.306122448979592,4,28,arXiv.org,25.0,0.77811759503352,"{'journal': 19, 'conference': 42}",2.210526315789474,0.07407407407407407,1655.575221238938,
39268412,Wiebke Wagner,4,2961,2,2009,2010,2,2.0,2,2,Language Resources and Evaluation,1.0,0.0,{'journal': 1},0.0,,740.25,
2051158703,L. Huang,7,69,3,2002,2021,20,0.35,0,0,Symposium on Field Programmable Gate Arrays,5.0,1.0000000000000002,"{'conference': 2, 'journal': 1}",2.0,1.3333333333333333,9.857142857142858,
144097210,Fangyu Liu,53,3935,28,2017,2024,8,6.625,15,1,Conference on Empirical Methods in Natural Language Processing,23.0,0.8585738468404093,"{'journal': 4, 'conference': 32}",8.0,0.08571428571428572,74.24528301886792,Google DeepMind
32630015,Surabhi Datta,16,528,8,2019,2023,5,3.2,13,0,American Medical Informatics Association Annual Symposium,11.0,0.9619555747789696,"{'conference': 6, 'journal': 3}",2.0,2.5,33.0,
2208580,Yannis Katsis,50,794,13,2005,2023,19,2.6315789473684212,13,5,Encyclopedia of Database Systems,26.0,0.8761048872632513,"{'conference': 18, 'journal': 3}",6.0,0.4117647058823529,15.88,
1728324,Jingcheng Du,74,1814,19,2013,2022,10,7.4,16,0,American Medical Informatics Association Annual Symposium,33.0,0.9048559019129051,"{'conference': 21, 'journal': 27}",0.7777777777777778,1.2307692307692308,24.513513513513512,The University of Texas Health Science Center at Houston
11149237,Qi Liu,9,336,6,2020,2023,4,2.25,2,6,arXiv.org,5.0,0.886682880001534,"{'journal': 3, 'conference': 2}",0.6666666666666666,0.0,37.333333333333336,
143978279,Andrea Galassi,41,983,14,2017,2024,8,5.125,12,2,Conference and Labs of the Evaluation Forum,29.0,0.97220777188702,"{'conference': 19, 'journal': 5}",3.8,0.11764705882352941,23.975609756097562,"University of Bologna p=8,33,6,5,17,18,34,30,10"
2714577,S. D. Pietra,32,14592,22,1985,2021,37,0.8648648648648649,11,4,Human Language Technology - The Baltic Perspectiv,10.0,0.8745847873243199,"{'conference': 15, 'journal': 2}",7.5,0.1,456.0,
2113317708,Suraj Patil,5,562,2,2014,2021,8,0.625,1,1,International Journal of Engineering Applied Sciences and Technology,2.0,1.0,"{'journal': 1, 'conference': 1}",1.0,0.0,112.4,
1596821065,Peerat Limkonchotiwat,33,170,6,2019,2025,7,4.714285714285714,7,5,Conference on Empirical Methods in Natural Language Processing,12.0,0.8526866608867815,"{'conference': 15, 'journal': 3}",5.0,0.0625,5.151515151515151,
7247867,Ruibo Liu,39,2815,21,2019,2024,6,6.5,17,1,arXiv.org,19.0,0.8309357722393024,"{'conference': 15, 'journal': 5}",3.0,0.0,72.17948717948718,Google DeepMind
2112134877,Shubhanshu Mishra,17,140,5,2020,2022,3,5.666666666666667,8,4,WNUT,9.0,0.9549080284177107,{'conference': 5},inf,0.0,8.235294117647058,
2482533,Mo Yu,95,10161,42,1995,2023,29,3.2758620689655173,16,9,arXiv.org,30.0,0.8283694580688196,"{'conference': 63, 'journal': 5}",12.6,0.0851063829787234,106.9578947368421,IBM Research
10729963,Trishala Neeraj,15,5552,8,2017,2025,9,1.6666666666666667,0,1,arXiv.org,7.0,0.8983289127685204,{'conference': 5},inf,0.0,370.1333333333333,
1667035673,Kiamehr Rezaee,14,247,7,2020,2024,5,2.8,3,0,Conference on Empirical Methods in Natural Language Processing,10.0,0.9575261403463023,{'conference': 8},inf,0.0,17.642857142857142,
50320098,Wojciech Kusa,30,2336,6,2017,2024,8,3.75,14,2,Systematic Reviews,18.0,0.9793596259794077,"{'conference': 14, 'journal': 4}",3.5,0.6666666666666666,77.86666666666666,TU Wien
2066369448,Mikhail Galkin,55,1831,21,2013,2025,13,4.230769230769231,16,5,arXiv.org,23.0,0.8550308348975209,"{'conference': 32, 'journal': 2}",16.0,0.47368421052631576,33.29090909090909,Google Research
2896208,Paolo Torroni,226,4172,33,1980,2024,45,5.022222222222222,39,178,International Joint Conference on Artificial Intelligence,89.0,0.9486046361578515,"{'conference': 72, 'journal': 44}",1.6363636363636365,0.48484848484848486,18.460176991150444,
144869806,Pedro Henrique Martins,15,641,9,2017,2023,7,2.142857142857143,10,1,European Association for Machine Translation Conferences/Workshops,10.0,0.9741108952988201,"{'conference': 9, 'journal': 2}",4.5,0.2222222222222222,42.733333333333334,
40450311,Joanne Boisson,13,177,4,2013,2024,12,1.0833333333333333,6,0,Conference on Empirical Methods in Natural Language Processing,9.0,0.9766146686727132,{'conference': 9},inf,0.125,13.615384615384615,
2139767217,Yanis Labrak,15,2529,7,2022,2025,4,3.75,11,0,International Conference on Language Resources and Evaluation,10.0,0.9599009323677093,"{'conference': 8, 'journal': 1}",8.0,0.2,168.6,
47264348,Ayush Singh,12,95,5,2018,2023,6,2.0,4,4,arXiv.org,8.0,0.9488131148903385,"{'conference': 3, 'journal': 2}",1.5,1.0,7.916666666666667,
1982950,Luke Zettlemoyer,275,102722,111,1998,2023,26,10.576923076923077,16,137,Conference on Empirical Methods in Natural Language Processing,43.0,0.7049010147471566,"{'conference': 203, 'journal': 15}",13.533333333333333,0.03592814371257485,373.5345454545455,University of Washington
2927032,E. Simperl,356,7553,39,2004,2024,21,16.952380952380953,72,170,The Web Conference,140.0,0.931886373005943,"{'conference': 128, 'journal': 50}",2.56,0.38461538461538464,21.21629213483146,
19168196,Michihiro Yasunaga,74,13981,33,2017,2025,9,8.222222222222221,18,8,arXiv.org,16.0,0.8837073948808446,"{'conference': 40, 'journal': 1}",40.0,0.13793103448275862,188.93243243243242,
2084609980,Chengwei Qin,24,1437,13,2017,2024,8,3.0,9,2,Annual Meeting of the Association for Computational Linguistics,7.0,0.8312029246251753,{'conference': 16},inf,0.0,59.875,
1700325,Graham Neubig,596,32861,84,2014,2024,11,54.18181818181818,25,170,Conference on Empirical Methods in Natural Language Processing,82.0,0.7910510799254258,"{'conference': 314, 'journal': 34}",9.235294117647058,0.20675105485232068,55.13590604026846,
49548657,Ivano Lauriola,36,616,9,2017,2024,8,4.5,20,2,International Conference on Artificial Neural Networks,19.0,0.918687584460464,"{'conference': 21, 'journal': 6}",3.5,0.3125,17.11111111111111,
1682479,William Yang Wang,215,13815,58,2010,2023,14,15.357142857142858,32,141,Annual Meeting of the Association for Computational Linguistics,41.0,0.7765592384877209,"{'conference': 147, 'journal': 10}",14.7,0.07017543859649122,64.25581395348837,
2189375026,A. Nik,4,46,4,2017,2023,7,0.5714285714285714,2,0,CASE,2.0,0.9182958340544894,{'conference': 2},inf,,11.5,
9358910,Shrimai Prabhumoye,52,3938,19,2014,2024,11,4.7272727272727275,16,7,arXiv.org,18.0,0.8394370688167885,"{'conference': 16, 'journal': 3}",5.333333333333333,0.07142857142857142,75.73076923076923,
40655309,Prithviraj Sen,116,7768,26,2006,2023,18,6.444444444444445,19,16,Encyclopedia of Machine Learning,29.0,0.6667719544010462,"{'conference': 24, 'journal': 12}",2.0,0.21739130434782608,66.96551724137932,
35331861,Can Udomcharoenchaikit,24,147,5,2017,2025,9,2.6666666666666665,5,2,Conference on Empirical Methods in Natural Language Processing,13.0,0.9346254182385471,"{'conference': 9, 'journal': 5}",1.8,0.0,6.125,
40811585,Julien Chaumond,34,9931,7,2006,2024,19,1.7894736842105263,1,2,Conference on Empirical Methods in Natural Language Processing,5.0,0.9122066329329885,{'conference': 7},inf,0.0,292.0882352941176,
1746416,Soujanya Poria,241,26635,71,2010,2025,16,15.0625,40,93,arXiv.org,62.0,0.8221194021786227,"{'journal': 51, 'conference': 104}",2.0392156862745097,0.11827956989247312,110.51867219917013,
2125821515,Mario vSavsko,4,2922,4,2021,2023,3,1.3333333333333333,0,0,Conference on Empirical Methods in Natural Language Processing,3.0,0.946394630357186,{'conference': 3},inf,0.0,730.5,
2719024,Peter Milder,83,2560,23,2005,2023,19,4.368421052631579,17,27,Optics Express,51.0,0.9496264187672955,"{'conference': 39, 'journal': 12}",3.25,0.9375,30.843373493975903,Stony Brook University
50376014,Hiroaki Hayashi,20,5345,13,2012,2023,12,1.6666666666666667,6,1,arXiv.org,10.0,0.9052563462508009,"{'journal': 4, 'conference': 8}",2.0,0.0,267.25,Carnegie Mellon University
3460489,Amir Pouran Ben Veyseh,41,2029,19,2016,2023,8,5.125,29,1,Conference on Empirical Methods in Natural Language Processing,19.0,0.9396219823746133,"{'conference': 26, 'journal': 3}",8.666666666666666,0.07407407407407407,49.48780487804878,
46283650,Pavel P. Kuksa,82,10955,19,2007,2025,19,4.315789473684211,44,10,bioRxiv,30.0,0.8869602687611484,"{'journal': 42, 'conference': 11}",0.2619047619047619,0.16666666666666666,133.59756097560975,
2152206274,Qingqing Zhu,12,279,5,2020,2023,4,3.0,7,0,IEEE International Conference on Bioinformatics and Biomedicine,9.0,0.9533522741071694,"{'journal': 3, 'conference': 6}",2.0,0.16666666666666666,23.25,
1733049,Eneko Agirre,304,18202,56,1992,2023,32,9.5,113,96,Annual Meeting of the Association for Computational Linguistics,83.0,0.8432652096079251,"{'conference': 147, 'journal': 25}",5.88,0.2558139534883721,59.875,University of the Basque Country (UPV/EHU)
2109580364,Hulin Wang,10,237,6,2001,2023,23,0.43478260869565216,0,0,arXiv.org,5.0,0.9697238998682473,"{'conference': 1, 'journal': 1}",1.0,1.0,23.7,
3405525,Dima Taji,22,1314,12,2015,2025,11,2.0,6,3,International Conference on Language Resources and Evaluation,12.0,0.9432680223653441,{'conference': 14},inf,0.16666666666666666,59.72727272727273,
2125811887,Victor Mustar,2,581,2,2021,2022,2,1.0,0,0,Conference on Empirical Methods in Natural Language Processing,1.0,0.0,{'conference': 2},inf,0.0,290.5,
143981120,M. V. Koroteev,14,229,5,2000,2021,22,0.6363636363636364,14,2,Journal of Mathematical Sciences,5.0,0.9165164431996023,{'journal': 5},0.0,,16.357142857142858,
2795685,Shamik Bose,18,2659,8,2004,2023,20,0.9,10,3,Neural Information Processing Systems,6.0,0.967132018086354,"{'conference': 3, 'journal': 1}",3.0,0.0,147.72222222222223,
51394448,Shaoxiong Ji,50,3823,22,2018,2024,7,7.142857142857143,23,7,arXiv.org,28.0,0.9371150879577617,"{'conference': 15, 'journal': 15}",1.0,0.25,76.46,Technical University of Darmstadt
40531428,W. Whiteley,35,698,15,2011,2023,13,2.6923076923076925,8,6,Nuclear Science Symposium and Medical Imaging Conference,20.0,0.9029577032771848,"{'journal': 14, 'conference': 7}",0.5,0.875,19.942857142857143,
2111138678,Robert Martin,6,2398,6,2015,2023,9,0.6666666666666666,0,0,Bioinform.,6.0,0.9999999999999999,{'conference': 3},inf,0.5,399.6666666666667,
41127087,Fadhl Eryani,12,568,6,2018,2024,7,1.7142857142857142,2,0,International Conference on Language Resources and Evaluation,5.0,0.7627069065377661,{'conference': 8},inf,0.14285714285714285,47.333333333333336,
1811211,Thien Huu Nguyen,139,6369,38,1996,2023,28,4.964285714285714,20,96,Conference on Empirical Methods in Natural Language Processing,46.0,0.8700032237874931,"{'conference': 82, 'journal': 13}",6.3076923076923075,0.1111111111111111,45.82014388489208,University of Oregon
145493218,Ning Dai,22,1689,6,2015,2023,9,2.4444444444444446,1,4,Mathematical biosciences and engineering : MBE,17.0,0.9780322003526132,"{'journal': 11, 'conference': 1}",0.09090909090909091,0.4,76.77272727272727,Oregon State University
79775260,Yoav Goldberg,112,9122,42,2013,2024,12,9.333333333333334,1,61,Annual Meeting of the Association for Computational Linguistics,31.0,0.8165833314784073,"{'conference': 67, 'journal': 18}",3.7222222222222223,0.12727272727272726,81.44642857142857,
2361828,Justin Grimmer,91,5817,26,2004,2024,21,4.333333333333333,60,39,Political Analysis,20.0,0.951098017617244,"{'journal': 21, 'conference': 3}",0.14285714285714285,0.0,63.92307692307692,
92655573,T. Y. Han,38,2878,21,2005,2020,16,2.375,4,9,Nano letters (Print),13.0,0.9668633469624776,{'journal': 12},0.0,2.0,75.73684210526316,
2119320633,A. Kumar,27,1472,12,2012,2021,10,2.7,18,4,Knowledge-Based Systems,12.0,0.9823368126263246,"{'journal': 7, 'conference': 3}",0.42857142857142855,0.6666666666666666,54.51851851851852,
2203805499,Lauritz Gerlach,1,45,1,2023,2023,1,1.0,0,0,Social Science Research Network,1.0,0.0,{'journal': 1},0.0,,45.0,
2268783,Chenghua Lin,106,2000,21,2009,2023,15,7.066666666666666,10,33,arXiv.org,50.0,0.8905604580380277,"{'conference': 56, 'journal': 8}",7.0,0.11320754716981132,18.867924528301888,
1760868,M. Surdeanu,204,16057,43,1990,2024,35,5.828571428571428,32,91,International Conference on Language Resources and Evaluation,66.0,0.8628177800186971,"{'conference': 116, 'journal': 8}",14.5,0.1836734693877551,78.71078431372548,
2073587169,Yulia Tsvetkov,46,2709,24,2013,2023,11,4.181818181818182,1,30,Conference on Empirical Methods in Natural Language Processing,16.0,0.8613733788861407,"{'conference': 33, 'journal': 3}",11.0,0.038461538461538464,58.891304347826086,
52133102,Karwan Jacksi,52,1012,20,2011,2025,15,3.466666666666667,14,21,Science Journal of University of Zakho,24.0,0.9498119282662367,"{'conference': 3, 'journal': 11}",0.2727272727272727,0.0,19.46153846153846,
2110396526,Zheng Shi,81,927,17,2014,2024,11,7.363636363636363,27,3,IEEE Transactions on Vehicular Technology,25.0,0.8960658154726922,"{'conference': 23, 'journal': 51}",0.45098039215686275,0.2962962962962963,11.444444444444445,
20513655,Segev Shlomov,24,1000,6,2017,2025,9,2.6666666666666665,5,7,arXiv.org,14.0,0.8889016686703172,"{'conference': 9, 'journal': 5}",1.8,0.0,41.666666666666664,
2784228,J. Finkel,23,12350,14,2004,2021,18,1.2777777777777777,13,2,Annual Meeting of the Association for Computational Linguistics,6.0,0.8509553984313724,"{'conference': 10, 'journal': 2}",5.0,0.0,536.9565217391304,
2268491803,Yacine Jernite,49,2376,7,2008,2025,18,2.7222222222222223,0,3,arXiv.org,10.0,0.8746845143040606,"{'conference': 7, 'journal': 1}",7.0,0.0,48.48979591836735,
3086273,Kiran Khatter,37,1209,12,2011,2023,13,2.8461538461538463,14,17,arXiv.org,20.0,0.9565953024727962,"{'journal': 10, 'conference': 6}",0.6,0.14285714285714285,32.67567567567568,
1518270914,Nader Tavvaf,1,195,1,2020,2020,1,1.0,0,0,arXiv.org,1.0,0.0,,,,195.0,
144707373,M. Awad,138,3334,20,2003,2025,23,6.0,16,74,International Conference on Energy Aware Computing Systems & Applications,74.0,0.9515550722708216,"{'journal': 35, 'conference': 52}",1.4857142857142858,0.15254237288135594,24.159420289855074,
51133383,Michael A. Hedderich,37,682,14,2018,2025,8,4.625,13,5,arXiv.org,20.0,0.9137112662829344,"{'conference': 16, 'journal': 3}",5.333333333333333,0.45454545454545453,18.43243243243243,
46522098,Xiaodong Liu,485,12481,37,1993,2024,32,15.15625,98,126,arXiv.org,269.0,0.961075679718219,"{'journal': 200, 'conference': 80}",0.4,0.09433962264150944,25.734020618556702,
1382164170,Tim Rault,17,1987,3,2019,2024,6,2.8333333333333335,0,0,Conference on Empirical Methods in Natural Language Processing,3.0,0.946394630357186,{'conference': 3},inf,0.0,116.88235294117646,
35244579,Sumit Pandey,45,691,9,2011,2024,14,3.2142857142857144,20,11,International Conference on Advances in Computer-Human Interaction,26.0,0.9894998600775208,"{'journal': 11, 'conference': 8}",0.7272727272727273,0.25,15.355555555555556,
2807088,G. Ceder,979,97779,153,2013,2025,13,75.3076923076923,28,354,ECS Meeting Abstracts,71.0,0.8478456763524179,"{'journal': 207, 'conference': 1}",0.004830917874396135,0.029411764705882353,99.87640449438203,
3975984,Stephen T Wu,53,1489,16,2006,2021,16,3.3125,26,3,American Medical Informatics Association Annual Symposium,27.0,0.9145955420025809,"{'conference': 28, 'journal': 8}",3.5,0.7333333333333333,28.09433962264151,UTHealth
2120192839,Tim Schopf,16,190,6,2021,2024,4,4.0,12,0,Recent Advances in Natural Language Processing,12.0,0.9631396508109106,{'conference': 11},inf,0.0,11.875,Technical University of Munich
46772896,Xiuying Chen,38,925,16,2018,2024,7,5.428571428571429,14,1,Conference on Empirical Methods in Natural Language Processing,19.0,0.901659146968609,"{'journal': 5, 'conference': 22}",4.4,0.1,24.342105263157894,
2075413447,ZiHang Zeng,13,250,7,2017,2023,7,1.8571428571428572,2,1,Innovation in aging,12.0,1.0000000000000004,"{'journal': 5, 'conference': 3}",0.6,0.0,19.23076923076923,
2219752599,Hua Xu,233,10919,55,2009,2023,15,15.533333333333333,12,112,J. Am. Medical Informatics Assoc.,69.0,0.8223340332244594,"{'journal': 86, 'conference': 54}",0.627906976744186,1.36,46.862660944206006,
1875233,Bonan Min,44,2123,16,2009,2023,15,2.933333333333333,18,10,Conference on Empirical Methods in Natural Language Processing,18.0,0.8756740242914498,"{'conference': 32, 'journal': 3}",10.666666666666666,0.07142857142857142,48.25,
2007237523,D. Hartung,15,357,5,1980,2024,45,0.3333333333333333,2,5,Social Science Research Network,9.0,0.9848586617875463,"{'journal': 6, 'conference': 2}",0.3333333333333333,0.0,23.8,
2110894738,Yuan Jin,12,359,8,2018,2022,5,2.4,4,0,Conference on Empirical Methods in Natural Language Processing,6.0,0.8982444017039272,"{'journal': 1, 'conference': 6}",6.0,0.16666666666666666,29.916666666666668,
31961604,Qingqing Cao,16,386,9,2017,2023,7,2.2857142857142856,9,1,Annual Meeting of the Association for Computational Linguistics,11.0,0.9366347672506407,"{'conference': 9, 'journal': 1}",9.0,0.125,24.125,University of Washington
145795026,Edwin Simpson,45,1159,18,2009,2023,15,3.0,23,10,arXiv.org,23.0,0.949415461703703,"{'journal': 8, 'conference': 12}",1.5,0.1,25.755555555555556,University of Bristol
27044733,Asahi Ushio,27,522,12,2016,2024,9,3.0,15,1,Conference on Empirical Methods in Natural Language Processing,14.0,0.8923270567035713,"{'conference': 17, 'journal': 2}",8.5,0.25,19.333333333333332,
51129266,Tianchu Ji,4,126,3,2018,2022,5,0.8,1,0,Transactions of the Association for Computational Linguistics,4.0,1.0,"{'journal': 3, 'conference': 1}",0.3333333333333333,0.0,31.5,
144158674,Qian Huang,79,3183,25,2006,2023,18,4.388888888888889,22,17,Pacific Asia Conference on Information Systems,21.0,0.8534455435240038,"{'conference': 28, 'journal': 30}",0.9333333333333333,0.0,40.29113924050633,
2051159636,Asma Khan,1,55,1,2021,2021,1,1.0,0,0,Symposium on Field Programmable Gate Arrays,1.0,0.0,{'conference': 1},inf,,55.0,
2116878678,Anna Schmidt,8,1401,7,2012,2018,7,1.1428571428571428,2,1,North American Chapter of the Association for Computational Linguistics,7.0,0.9999999999999999,{'conference': 6},inf,0.25,175.125,
66589548,Bashar Alhafni,15,557,8,2019,2025,7,2.142857142857143,8,0,Conference on Empirical Methods in Natural Language Processing,9.0,0.958744661315413,"{'journal': 1, 'conference': 8}",8.0,0.4,37.13333333333333,
2186852856,Phillip Schneider,17,96,4,2022,2025,4,4.25,12,1,arXiv.org,13.0,0.9668633469624776,{'conference': 11},inf,0.09090909090909091,5.647058823529412,
1736067,Isabelle Augenstein,152,6068,40,2012,2024,13,11.692307692307692,20,93,Conference on Empirical Methods in Natural Language Processing,55.0,0.8022310302516438,"{'conference': 80, 'journal': 19}",4.2105263157894735,0.17647058823529413,39.921052631578945,University of Copenhagen
1584940075,Angelina McMillan-Major,15,7305,11,2020,2024,5,3.0,6,1,arXiv.org,9.0,0.9549080284177106,"{'conference': 6, 'journal': 1}",6.0,0.0,487.0,
2112677245,Yu Gu,20,1996,12,2017,2023,7,2.857142857142857,6,0,J. Am. Medical Informatics Assoc.,15.0,0.9685921904321414,"{'conference': 3, 'journal': 9}",0.3333333333333333,1.0,99.8,
51436004,Betty van Aken,13,616,9,2018,2023,6,2.1666666666666665,8,2,The Web Conference,11.0,0.9881090915741209,"{'conference': 7, 'journal': 1}",7.0,0.3333333333333333,47.38461538461539,Beuth University of Applied Sciences Berlin
40899333,Clement Delangue,13,3044,6,2018,2024,7,1.8571428571428572,0,3,Conference on Empirical Methods in Natural Language Processing,4.0,0.9528195311147832,{'conference': 6},inf,0.0,234.15384615384616,
1705950,E. Fox,598,14460,55,1994,2023,30,19.933333333333334,114,272,ACM/IEEE Joint Conference on Digital Libraries,109.0,0.8230918658025882,"{'conference': 189, 'journal': 47}",4.0212765957446805,0.12953367875647667,24.180602006688964,
2384711,Chunting Zhou,39,4554,25,2013,2024,12,3.25,15,3,arXiv.org,13.0,0.8685403567577346,"{'conference': 26, 'journal': 2}",13.0,0.0,116.76923076923077,Carnegie Mellon University
2105138,Steven Bethard,186,14242,45,2002,2024,23,8.08695652173913,30,59,International Workshop on Semantic Evaluation,78.0,0.8696908586584576,"{'journal': 17, 'conference': 106}",6.235294117647059,0.7538461538461538,76.56989247311827,University of Arizona
48636625,Guanghua Yang,86,1128,21,2012,2025,14,6.142857142857143,0,26,IEEE Transactions on Wireless Communications,28.0,0.8927946929609926,"{'journal': 56, 'conference': 20}",0.35714285714285715,0.45,13.116279069767442,
2637252,Naoto Usuyama,24,3285,14,2020,2025,6,4.0,0,0,arXiv.org,12.0,0.8532820326098467,"{'journal': 5, 'conference': 6}",1.2,0.0,136.875,
47781592,Zhijian Liu,32,6725,23,2018,2023,6,5.333333333333333,9,1,Computer Vision and Pattern Recognition,16.0,0.9397167748083826,"{'conference': 23, 'journal': 2}",11.5,0.13333333333333333,210.15625,Massachusetts Institute of Technology
1384550891,Xiang Ren,132,6246,38,2013,2023,11,12.0,6,79,Conference on Empirical Methods in Natural Language Processing,26.0,0.7357769247077731,"{'conference': 72, 'journal': 10}",7.2,0.047619047619047616,47.31818181818182,
1702066,Kenneth Heafield,96,7652,29,1965,2024,60,1.6,26,42,Conference on Machine Translation,26.0,0.8593310971700843,"{'conference': 53, 'journal': 5}",10.6,0.14814814814814814,79.70833333333333,
116267999,Hanning Gao,8,268,2,2018,2023,6,1.3333333333333333,5,0,arXiv.org,5.0,0.9697238998682473,{'conference': 1},inf,0.0,33.5,
2143919864,Diyi Yang,78,3721,30,2021,2023,3,26.0,4,51,Annual Meeting of the Association for Computational Linguistics,30.0,0.828454316056961,"{'conference': 60, 'journal': 6}",10.0,0.05555555555555555,47.705128205128204,
2884561,Sebastian Ruder,109,25449,52,2016,2024,9,12.11111111111111,27,21,Conference on Empirical Methods in Natural Language Processing,24.0,0.753258777547645,"{'conference': 68, 'journal': 7}",9.714285714285714,0.034482758620689655,233.47706422018348,Cohere
31614549,N. Patry,9,2963,3,1996,2025,30,0.3,1,0,arXiv.org,2.0,0.8112781244591328,{'conference': 1},inf,0.0,329.22222222222223,
49943757,E. Cambria,504,46615,104,2009,2024,16,31.5,80,211,Cognitive Computation,133.0,0.8571709945019642,"{'conference': 143, 'journal': 200}",0.715,0.30714285714285716,92.49007936507937,
2112525563,Bo Zhao,5,371,3,2015,2020,6,0.8333333333333334,1,1,IEEE International Conference on Healthcare Informatics,4.0,1.0,"{'conference': 2, 'journal': 1}",2.0,1.0,74.2,
153096457,Qiang Yang,200,22029,54,2002,2022,21,9.523809523809524,31,121,arXiv.org,71.0,0.8612298020106015,"{'journal': 44, 'conference': 64}",1.4545454545454546,0.08888888888888889,110.145,
145104486,Daniel King,13,1050,9,2019,2024,6,2.1666666666666665,2,0,arXiv.org,8.0,0.9713256910609174,"{'conference': 7, 'journal': 1}",7.0,0.14285714285714285,80.76923076923077,Databricks
145585097,Bridger Waleed Ammar,52,4258,24,2008,2023,16,3.25,15,16,arXiv.org,23.0,0.884302848971962,"{'conference': 20, 'journal': 7}",2.857142857142857,0.21428571428571427,81.88461538461539,Holistic Intelligence for Global Good (HIGG)
1881965,S. Ananiadou,531,17782,63,1996,2023,28,18.964285714285715,55,340,International Conference on Language Resources and Evaluation,143.0,0.8901596978384269,"{'journal': 107, 'conference': 155}",1.4485981308411215,0.24822695035460993,33.48775894538606,
1484790332,Korakot Chaovavanich,3,87,2,2019,2023,5,0.6,0,0,NLPOSS,2.0,1.0,{'journal': 1},0.0,,29.0,
2191710039,Mong Yuan Sim,3,37,2,2022,2023,2,1.5,2,0,arXiv.org,3.0,0.9999999999999998,{'conference': 1},inf,1.0,12.333333333333334,
50237813,Sara Hooker,30,3896,22,2017,2023,7,4.285714285714286,7,12,arXiv.org,11.0,0.7487982938142622,"{'conference': 9, 'journal': 3}",3.0,0.0,129.86666666666667,
120397552,Michael Cullan,7,2233,3,2016,2025,10,0.7,3,2,arXiv.org,3.0,0.946394630357186,"{'conference': 1, 'journal': 1}",1.0,,319.0,
47665464,Lukas Lange,31,554,10,2017,2025,9,3.4444444444444446,16,2,Conference on Empirical Methods in Natural Language Processing,11.0,0.9324776292198692,{'conference': 20},inf,0.3076923076923077,17.870967741935484,
2164872258,Jenny Chim,13,3226,9,2022,2024,3,4.333333333333333,2,0,arXiv.org,7.0,0.9577420562022179,"{'journal': 1, 'conference': 7}",7.0,0.6666666666666666,248.15384615384616,
2440101,Keletso J. Letsholo,19,431,10,2012,2024,13,1.4615384615384615,5,9,arXiv.org,9.0,0.9549655329584326,"{'conference': 3, 'journal': 3}",1.0,0.5,22.68421052631579,
8093389,Shaodan Ma,304,4405,35,1995,2023,29,10.482758620689655,17,70,IEEE Transactions on Wireless Communications,75.0,0.8447804631259384,"{'journal': 125, 'conference': 67}",0.536,0.5512820512820513,14.490131578947368,
2548384,Hannaneh Hajishirzi,194,28460,74,2007,2024,18,10.777777777777779,15,85,Conference on Empirical Methods in Natural Language Processing,32.0,0.758138586211407,"{'conference': 138, 'journal': 8}",17.25,0.05825242718446602,146.70103092783506,
2125374460,Emaad A. Manzoor,7,235,3,2018,2023,6,1.1666666666666667,3,1,arXiv.org,3.0,0.8649735207179272,"{'journal': 1, 'conference': 1}",1.0,,33.57142857142857,
70246478,Marco Lippi,96,7427,30,1979,2025,47,2.0425531914893615,32,32,Econometric Theory,28.0,0.9718733556294983,"{'journal': 17, 'conference': 9}",0.5294117647058824,0.1,77.36458333333333,
2145361994,Mengqi Wang,5,95,3,2017,2023,7,0.7142857142857143,1,1,First Workshop on Insights from Negative Results in NLP,5.0,1.0000000000000002,"{'conference': 1, 'journal': 2}",0.5,,19.0,
2116218678,Qiong Wang,1,341,1,2019,2019,1,1.0,0,0,J. Am. Medical Informatics Assoc.,1.0,0.0,,,,341.0,
1390877819,Zijie J. Wang,43,2710,18,2019,2024,6,7.166666666666667,18,0,arXiv.org,22.0,0.9001059935772842,"{'conference': 21, 'journal': 4}",5.25,0.06666666666666667,63.02325581395349,Georgia Tech
2165371942,Bo Wang,4,2315,4,2022,2023,2,2.0,0,2,arXiv.org,3.0,0.946394630357186,{'conference': 2},inf,,578.75,
2125818023,Thibault Goehringer,2,559,1,2021,2021,1,2.0,0,0,Conference on Empirical Methods in Natural Language Processing,1.0,0.0,{'conference': 1},inf,0.0,279.5,
3422953,Katharina Kann,76,2837,25,2016,2023,8,9.5,25,37,Annual Meeting of the Association for Computational Linguistics,24.0,0.8706563961605142,"{'conference': 48, 'journal': 4}",12.0,0.21428571428571427,37.328947368421055,
2218306363,Zhenzhu Yang,4,621,3,2023,2024,2,2.0,0,0,arXiv.org,3.0,0.946394630357186,{'conference': 2},inf,0.0,155.25,
121500133,Zongcheng Ji,8,589,7,2019,2021,3,2.6666666666666665,3,0,J. Am. Medical Informatics Assoc.,6.0,0.9306282244165778,"{'conference': 2, 'journal': 1}",2.0,1.0,73.625,
2109039377,Sukhdev Singh,4,959,4,2017,2017,1,4.0,0,2,arXiv.org,2.0,0.8112781244591328,{'journal': 1},0.0,,239.75,
1397933253,E. Belding-Royer,210,47694,57,1999,2025,27,7.777777777777778,18,105,International Conference on Information and Communication Technologies and Development,100.0,0.9530681100444495,"{'conference': 85, 'journal': 24}",3.5416666666666665,0.31868131868131866,227.11428571428573,
1563206882,A. Thakur,26,1180,11,2015,2022,8,3.25,6,3,arXiv.org,16.0,0.9710459299447972,"{'journal': 4, 'conference': 8}",2.0,0.125,45.38461538461539,
1697004,D. Katz,58,2081,19,2006,2024,19,3.0526315789473686,25,26,arXiv.org,15.0,0.9441579653361984,"{'journal': 11, 'conference': 4}",0.36363636363636365,0.0,35.87931034482759,
32301760,Gabor Angeli,23,6651,15,1992,2023,32,0.71875,16,3,Conference on Empirical Methods in Natural Language Processing,7.0,0.879561313310002,"{'conference': 15, 'journal': 1}",15.0,0.0,289.17391304347825,Square Inc
2939803,R. Collobert,141,37707,53,1998,2024,27,5.222222222222222,28,60,arXiv.org,34.0,0.8314405303343353,"{'conference': 66, 'journal': 10}",6.6,0.24444444444444444,267.4255319148936,
2072250824,Lewis Tunstall,10,1200,8,2021,2025,5,2.0,2,1,arXiv.org,4.0,0.8763576394898523,{'conference': 3},inf,0.0,120.0,
1929423,Zhisong Zhang,24,1039,15,2015,2023,9,2.6666666666666665,10,1,Annual Meeting of the Association for Computational Linguistics,11.0,0.8445866352562393,"{'conference': 21, 'journal': 1}",21.0,0.0,43.291666666666664,
144036063,Michael Wiegand,98,3391,21,2002,2024,23,4.260869565217392,55,18,North American Chapter of the Association for Computational Linguistics,39.0,0.9123908581602432,"{'conference': 58, 'journal': 12}",4.833333333333333,0.06521739130434782,34.60204081632653,Institute for German Language Mannheim/Heidelberg University
1759772,Hoifung Poon,115,10695,43,2002,2025,24,4.791666666666667,21,45,arXiv.org,47.0,0.8417919482712279,"{'journal': 16, 'conference': 46}",2.875,0.06451612903225806,93.0,
31666608,Yuqi Si,25,1157,13,2018,2022,5,5.0,11,1,American Medical Informatics Association Annual Symposium,14.0,0.9338591290316278,"{'journal': 7, 'conference': 5}",0.7142857142857143,5.0,46.28,
144202084,Zhiyong Lu,287,30011,75,2002,2023,22,13.045454545454545,14,194,Database J. Biol. Databases Curation,86.0,0.8534260071384888,"{'journal': 67, 'conference': 57}",0.8507462686567164,1.0277777777777777,104.56794425087108,
2066514466,J. Posada,8,2232,2,2013,2025,13,0.6153846153846154,0,0,arXiv.org,4.0,0.9591479170272448,{'conference': 3},inf,,279.0,
19179135,Prithviraj Ammanabrolu,37,2253,23,2017,2024,8,4.625,18,5,arXiv.org,17.0,0.9091253441705155,"{'conference': 22, 'journal': 2}",11.0,0.14285714285714285,60.891891891891895,
2218054707,Guangzheng Xiong,2,32,1,2022,2023,2,1.0,1,0,arXiv.org,2.0,1.0,{'conference': 1},inf,0.0,16.0,
2287220105,Consiglio,1,121,1,2020,2020,1,1.0,0,0,,,,,,,121.0,
2258712006,Andreas Grivas,7,130,1,2021,2025,5,1.4,4,0,Information Processing & Management,4.0,1.0,"{'journal': 2, 'conference': 1}",0.5,0.0,18.571428571428573,
2285947886,Hussen Maulud,1,135,1,2021,2021,1,1.0,0,0,,,,,,,135.0,
50335211,Thomas Wolf,103,13534,16,1993,2023,31,3.3225806451612905,46,39,der junge zahnarzt,29.0,0.9073913120692374,"{'journal': 25, 'conference': 8}",0.32,0.0,131.39805825242718,HuggingFace Inc.
1846722967,Robert Tinn,15,1953,7,2017,2024,8,1.875,1,0,Patterns,9.0,0.9848586617875463,"{'conference': 4, 'journal': 3}",1.3333333333333333,0.5,130.2,
9416328,Tianlin Zhang,43,1207,18,2013,2024,12,3.5833333333333335,10,2,IEEE International Conference on Bioinformatics and Biomedicine,31.0,0.9598522129220033,"{'conference': 18, 'journal': 11}",1.6363636363636365,0.25,28.069767441860463,The University of Manchester
1382164294,Anthony Moi,20,1986,3,2019,2024,6,3.3333333333333335,0,0,Conference on Empirical Methods in Natural Language Processing,3.0,0.946394630357186,{'conference': 3},inf,0.0,99.3,
2108620507,Shijin Wang,56,3265,21,2014,2023,10,5.6,2,13,arXiv.org,25.0,0.8501555724428906,"{'conference': 27, 'journal': 7}",3.857142857142857,0.08333333333333333,58.30357142857143,
51452296,Waad Alhoshan,13,392,8,2018,2023,6,2.1666666666666665,8,2,arXiv.org,9.0,0.9848586617875463,"{'journal': 2, 'conference': 2}",1.0,0.6666666666666666,30.153846153846153,
33524946,Jieyu Zhao,34,4127,13,2017,2023,7,4.857142857142857,10,1,Conference on Empirical Methods in Natural Language Processing,20.0,0.928205831366975,"{'journal': 8, 'conference': 18}",2.25,0.2857142857142857,121.38235294117646,UCLA
3008832,Lingfei Wu,185,6865,41,2008,2023,16,11.5625,48,39,arXiv.org,56.0,0.8378597622841686,"{'conference': 75, 'journal': 29}",2.586206896551724,0.03773584905660377,37.108108108108105,
50043859,Mark Neumann,16,14436,8,1972,2023,52,0.3076923076923077,2,0,Conference on Empirical Methods in Natural Language Processing,7.0,0.9426807148172599,"{'conference': 6, 'journal': 1}",6.0,0.25,902.25,Allen Institute for AI
48776237,Joe Davison,30,2889,7,2018,2024,7,4.285714285714286,2,0,Conference on Empirical Methods in Natural Language Processing,4.0,0.875,{'conference': 6},inf,0.0,96.3,
2531268,Alexander M. Rush,138,24080,57,1998,2023,26,5.3076923076923075,12,72,Conference on Empirical Methods in Natural Language Processing,35.0,0.7812457826431783,"{'conference': 90, 'journal': 12}",7.5,0.039473684210526314,174.4927536231884,Cornell Tech
2024253969,Binggui Zhou,22,219,6,2019,2025,7,3.142857142857143,8,0,IEEE Transactions on Wireless Communications,16.0,0.9710459299447972,"{'journal': 15, 'conference': 3}",0.2,0.25,9.954545454545455,
8223433,Devamanyu Hazarika,54,9596,27,2016,2025,10,5.4,12,0,arXiv.org,26.0,0.9146186129704921,"{'conference': 30, 'journal': 11}",2.727272727272727,0.1111111111111111,177.7037037037037,National University of Singapore
1509809381,Gunjan Chhablani,28,4861,11,2020,2025,6,4.666666666666667,3,0,arXiv.org,11.0,0.8686068971282328,"{'journal': 3, 'conference': 10}",3.3333333333333335,0.2857142857142857,173.60714285714286,
2114887261,Shangbin Feng,35,1148,16,2021,2024,4,8.75,15,0,Annual Meeting of the Association for Computational Linguistics,12.0,0.9048597425883935,{'conference': 24},inf,0.05,32.8,
2093186816,Zhaoxuan Tan,27,589,11,2021,2025,5,5.4,6,0,arXiv.org,10.0,0.8723000285048212,"{'conference': 18, 'journal': 1}",18.0,0.06666666666666667,21.814814814814813,University of Notre Dame
49559893,Katikapalli Subramanyam Kalyan,8,515,6,2019,2021,3,2.6666666666666665,8,0,Journal of Biomedical Informatics,6.0,0.967132018086354,"{'journal': 2, 'conference': 2}",1.0,,64.375,NIT Trichy
145836234,Lei He,912,13730,53,2016,2024,9,101.33333333333333,102,106,arXiv.org,331.0,0.9720595654291964,"{'journal': 307, 'conference': 44}",0.14332247557003258,0.723404255319149,15.054824561403509,UCLA
2782886,Kai-Wei Chang,239,31736,59,2008,2023,16,14.9375,20,86,arXiv.org,50.0,0.7654901001137179,"{'conference': 153, 'journal': 18}",8.5,0.104,132.7866108786611,UCLA
145793834,Heike Adel,59,1799,21,2013,2023,11,5.363636363636363,19,6,Conference on Empirical Methods in Natural Language Processing,24.0,0.9196145149508018,"{'conference': 41, 'journal': 4}",10.25,0.4166666666666667,30.491525423728813,
52184096,L. Bottou,198,116503,74,1988,2023,36,5.5,58,67,Neural Information Processing Systems,56.0,0.8471391508934653,"{'conference': 51, 'journal': 25}",2.04,0.06976744186046512,588.39898989899,
1705929,Diba Mirza,34,1400,14,2005,2023,19,1.7894736842105263,18,1,Technical Symposium on Computer Science Education,19.0,0.9519596200096521,"{'conference': 15, 'journal': 4}",3.75,1.4285714285714286,41.1764705882353,
1766595,N. Slonim,130,6567,36,1966,2024,59,2.2033898305084745,21,73,Conference on Empirical Methods in Natural Language Processing,39.0,0.838667369514914,"{'conference': 66, 'journal': 17}",3.8823529411764706,0.1206896551724138,50.51538461538462,
1382164165,Pierric Cistac,11,2545,4,2019,2024,6,1.8333333333333333,0,0,Conference on Empirical Methods in Natural Language Processing,3.0,0.8649735207179272,{'conference': 4},inf,0.0,231.36363636363637,
153485411,Dhanya Sridhar,14,527,10,2019,2023,5,2.8,2,1,arXiv.org,10.0,0.9578791966200297,"{'journal': 4, 'conference': 5}",1.25,0.0,37.642857142857146,
1411379613,Zach Wood-Doughty,28,635,11,2014,2025,12,2.3333333333333335,13,6,arXiv.org,16.0,0.937475626540724,"{'conference': 6, 'journal': 6}",1.0,0.42857142857142855,22.678571428571427,
2697425,Pradeep Dasigi,54,4391,21,2009,2025,17,3.176470588235294,12,12,arXiv.org,17.0,0.8376548555253399,"{'conference': 31, 'journal': 1}",31.0,0.08333333333333333,81.31481481481481,Allen Institute for Artificial Intelligence
