name,h_index,h_index_rank,total_citation_count,total_paper_count,institution
Geoffrey E. Hinton,159,1.0,524207,468,
G. Ceder,153,2.0,97779,979,
Christopher D. Manning,144,3.0,170424,492,Stanford University
R. Gur,141,4.0,73993,982,
Yann LeCun,132,5.0,244817,405,Facebook
W. Bruce Croft,125,6.0,61266,726,"University of Massachusetts, Amherst"
Luke Zettlemoyer,111,7.0,102722,275,University of Washington
Noah A. Smith,109,8.0,51749,425,University of Washington
H. Krumholz,106,9.0,57607,645,
J. Weston,106,9.0,92109,246,
Dan Jurafsky,104,11.0,56785,357,Stanford University
Yejin Choi,104,11.0,46739,277,
E. Cambria,104,11.0,46615,504,
E. Hovy,97,14.0,48434,631,
A. Halevy,96,15.0,37522,373,
D. Roth,94,16.0,35304,586,
Jianfeng Gao,94,16.0,57674,409,
Hsinchun Chen,93,18.0,40120,820,
J. Pei,92,19.0,48951,456,
Maosong Sun,91,20.0,39257,494,
Kyunghyun Cho,90,21.0,117197,328,
L. Deng,88,22.0,58850,508,
L. Briand,86,23.0,31098,538,
R. Socher,86,23.0,151527,219,
Graham Neubig,84,25.0,32861,596,
Dong Yu,80,26.0,41570,572,
Dragomir R. Radev,80,26.0,30341,334,
C. Bearden,79,28.0,24158,539,
Zhiyong Lu,75,29.0,30011,287,
Hannaneh Hajishirzi,74,30.0,28460,194,
K. Kavukcuoglu,74,30.0,187080,113,
L. Bottou,74,30.0,116503,198,
Ting Liu,73,33.0,24828,457,
Soujanya Poria,71,34.0,26635,241,
Michael D. Ernst,71,34.0,20906,251,University of Washington
Xiaodong He,70,36.0,40668,282,
P. Bourne,70,36.0,31718,415,
Julia Hirschberg,70,36.0,21522,357,
Hinrich Schütze,67,39.0,27263,431,
Yiming Yang,67,39.0,51658,349,
Sebastian Riedel,67,39.0,31322,243,
J. Dudley,67,39.0,55804,321,
G. Clifford,66,43.0,19394,357,
Richard G. Netemeyer,64,44.0,30316,136,
Xuanjing Huang,64,44.0,18735,385,Fudan University
Walter Daelemans,64,44.0,15370,571,University of Antwerp
J. Pustejovsky,64,44.0,17969,376,
S. Ananiadou,63,48.0,17782,531,
Martha Palmer,63,48.0,24845,380,
Nizar Habash,60,50.0,12401,315,
R. Sipio,60,50.0,21738,348,
Chuang Gan,60,50.0,15014,133,
Quan Z. Sheng,59,53.0,16346,533,"School of Computing, Macquarie University, North Ryde, NSW, Australia"
A. Bulling,59,53.0,14788,242,
J. Kors,59,53.0,15201,312,
Xipeng Qiu,59,53.0,18898,246,Fudan University
Kai-Wei Chang,59,53.0,31736,239,UCLA
Jie Zhou,58,58.0,16280,826,Tencent Inc.
William Yang Wang,58,58.0,13815,215,
G. Savova,58,58.0,11423,218,
Alexander M. Rush,57,61.0,24080,138,Cornell Tech
A. Wilson,57,61.0,13526,199,
E. Belding-Royer,57,61.0,47694,210,
F. Rybicki,57,61.0,13565,423,
S. Bakken,56,65.0,12826,359,
Eneko Agirre,56,65.0,18202,304,University of the Basque Country (UPV/EHU)
Christopher Potts,56,65.0,31777,183,
D. Litman,55,68.0,11702,316,
Hua Xu,55,68.0,10919,233,
E. Fox,55,68.0,14460,598,
Y. Wilks,55,68.0,11015,478,
Zachary Chase Lipton,54,72.0,19604,184,
Colin Raffel,54,72.0,53698,102,
Qiang Yang,54,72.0,22029,200,
Kalina Bontcheva,54,72.0,12797,276,
Mark Johnson,54,72.0,18729,236,
R. Collobert,53,77.0,37707,141,
Jacob Eisenstein,53,77.0,11917,168,
Y. Aloimonos,53,77.0,10617,393,
Song Han,53,77.0,46109,97,
Lei He,53,77.0,13730,912,UCLA
Jianfeng Gao,53,77.0,17324,144,
Ivan Vulic,53,77.0,10779,241,
A. Korhonen,53,77.0,11770,252,
Sebastian Ruder,52,85.0,25449,109,Cohere
Alessandro Moschitti,52,85.0,12951,347,"Amazon, University of Trento"
Hongfang Liu,52,85.0,11287,495,
Yoav Goldberg,51,88.0,20377,120,Bar-Ilan University
Wanxiang Che,51,88.0,10541,222,
Khaled Shaalan,50,90.0,10303,289,The British University in Dubai
C. Corcoran,49,91.0,10219,221,
Shiliang Sun,49,91.0,9384,222,
Ryan T. McDonald,49,91.0,18244,100,
V. Mittal,48,94.0,8421,341,
Batya Friedman,48,94.0,11635,135,
Holger Schwenk,47,96.0,38266,167,
Matt Gardner,47,96.0,22700,92,Allen Institute for Artificial Intelligence
Jan Hajic,46,98.0,10345,248,
C. Bauckhage,46,98.0,9988,359,
B. Coecke,46,98.0,8919,256,
Noémie Elhadad,46,98.0,9550,142,Columbia University
Emad Shihab,45,102.0,6333,124,
E. Boyer,45,102.0,6984,184,
Steven Bethard,45,102.0,14242,186,University of Arizona
Bing Qin,45,102.0,14744,234,
M. Salathé,45,102.0,13413,120,
M. Worring,45,102.0,11974,362,
F. Silvestri,44,108.0,5648,184,
Xavier Franch,44,108.0,7072,419,
Maarten Sap,44,108.0,10557,118,"Carnegie Mellon University, Allen Institute for AI"
Slav Petrov,43,111.0,24255,83,Google
J. Kalita,43,111.0,9828,323,
Dirk Hovy,43,111.0,7212,141,Bocconi University
Hoifung Poon,43,111.0,10695,115,
Haoran Xie,43,111.0,12243,299,
Marcos Zampieri,43,111.0,9451,144,
Samuel R. Bowman,43,111.0,30740,99,New York University
M. Surdeanu,43,111.0,16057,204,
E. Olivetti,42,119.0,6524,158,
J. Starren,42,119.0,6469,179,
Yoav Goldberg,42,119.0,9122,112,
Mohit Iyyer,42,119.0,20595,114,
Mo Yu,42,119.0,10161,95,IBM Research
S. Oepen,41,124.0,4555,144,
Kareem Darwish,41,124.0,6834,142,
Roi Reichart,41,124.0,7018,141,
H. A. Schwartz,41,124.0,8552,149,
Lingfei Wu,41,124.0,6865,185,
L. Hunter,41,124.0,6398,182,
Hefu Liu,41,124.0,6608,158,
Chenliang Li,41,124.0,7315,148,
J. Cole,41,124.0,6954,219,
Isabelle Augenstein,40,133.0,6068,152,University of Copenhagen
James H. Martin,40,133.0,11298,163,
Pengfei Liu,40,133.0,12623,99,
A. Abbasi,40,133.0,6939,116,
J. Devylder,40,133.0,5223,212,
C. Fermüller,39,138.0,5057,208,
E. Simperl,39,138.0,7553,356,
G. Cecchi,39,138.0,6904,204,
Walt Detmar Meurers,39,138.0,5954,225,
Diyi Yang,39,138.0,9515,83,
Eric Brill,39,138.0,12836,69,
Pierre Zweigenbaum,39,138.0,6024,337,
M. Soltanolkotabi,39,138.0,7169,99,
Anupam Datta,38,146.0,6944,150,
V. Castro,38,146.0,5553,117,
Xiang Ren,38,146.0,6246,132,
Thien Huu Nguyen,38,146.0,6369,139,University of Oregon
K. Cohen,37,150.0,5930,177,
F. Matthes,37,150.0,6078,418,
Nianwen Xue,37,150.0,6348,134,
M. Yin,37,150.0,5517,192,
Xiaodong Liu,37,150.0,12481,485,
D. Maynard,37,150.0,8207,166,
N. Slonim,36,156.0,6567,130,
Zhiyuan Liu,36,156.0,6181,130,
Preslav Nakov,36,156.0,4124,205,
Ekaterina Shutova,35,159.0,4997,97,
José Camacho-Collados,35,159.0,5568,121,
Nancy Ide,35,159.0,5595,165,
Bill Yuchen Lin,35,159.0,5863,64,Allen Institute for AI (AI2)
Shaodan Ma,35,159.0,4405,304,
Matthew E. Peters,34,164.0,23097,83,Allen Institute for Artificial Intelligence
M. Sabetzadeh,34,164.0,3807,142,
Shay B. Cohen,34,164.0,6648,166,
J. King,34,164.0,5879,82,
Vijay V. Raghavan,34,164.0,6260,274,
Serguei V. S. Pakhomov,34,164.0,5772,176,
O. Oktay,34,164.0,10442,79,
Thomas Wolf,34,164.0,5731,338,
F. Dalpiaz,34,164.0,3596,192,
Hamdy Mubarak,34,164.0,4214,95,
M. Dras,34,164.0,3143,169,
Claire Grover,34,164.0,3971,142,
Vicente Ordonez,34,164.0,13044,82,Rice University
Kemal Oflazer,34,164.0,4465,160,
Subhi R. M. Zeebaree,34,164.0,3405,128,
Daniel Preotiuc-Pietro,34,164.0,4315,75,
T. Laino,34,164.0,7079,121,
Yonghui Wu,34,164.0,3602,90,
Evgeny Burnaev,33,182.0,4632,201,Skoltech
Anna Rumshisky,33,182.0,5593,125,
Paolo Torroni,33,182.0,4172,226,
D. Klakow,33,182.0,5540,350,
Michihiro Yasunaga,33,182.0,13981,74,
Chris S. Hulleman,33,182.0,9916,83,
Dat Quoc Nguyen,33,182.0,4668,75,
Jianxi Luo,33,182.0,2772,129,
Kirk Roberts,33,182.0,4445,153,
L. Blessing,33,182.0,5396,172,
Fu Lee Wang,33,182.0,3718,306,The Open University of Hong Kong
M. Saraçlar,33,182.0,4269,182,
Aurélie Névéol,32,194.0,4257,144,
J. Zucker,32,194.0,6043,141,
Peng Li,32,194.0,4858,72,"Institute for AI Industry Research (AIR), Tsinghua University, China"
R. Aharonov,32,194.0,7294,95,
Longxiang Gao,32,194.0,4612,195,
M. Samwald,32,194.0,6936,134,
Leon Derczynski,32,194.0,5805,145,IT University of Copenhagen
Oyvind Tafjord,32,194.0,8847,69,
Riccardo Miotto,31,202.0,7320,62,
M. Costa-jussà,31,202.0,6151,245,
Stella Biderman,31,202.0,13171,50,Booz Allen Hamilton
Loïc Barrault,31,202.0,9293,104,"Meta AI, The University of Sheffield, Le Mans Université"
E. Konen,31,202.0,4375,122,
Yu Zhang,31,202.0,7203,58,
Yanjun Qi,31,202.0,6969,216,
Marco Lippi,30,209.0,7427,96,
Zhuosheng Zhang,30,209.0,4628,104,Shanghai Jiao Tong University
Fabio Rinaldi,30,209.0,3908,209,"Institute of Computational Linguistics, University of Zurich, Zurich, Switzerland"
Mu Li,30,209.0,3850,81,
Diyi Yang,30,209.0,3721,78,
Chee‐Wee Tan,30,209.0,3287,165,
K. Kumamaru,30,209.0,3425,163,
Nikolaos Tsantalis,30,209.0,3927,66,
P. Wolff,30,209.0,4333,75,
Yongfeng Zhang,29,218.0,3603,51,
Arzucan Özgür,29,218.0,4667,127,
Roy Schwartz,29,218.0,7276,57,The Hebrew University of Jerusalem
Aston Zhang,29,218.0,4897,65,
Yifan Peng,29,218.0,7130,93,Weill Cornell Medicine
Kenneth Heafield,29,218.0,7652,96,
W. Harris,29,218.0,5576,96,
Antonios Anastasopoulos,29,218.0,3320,102,Carnegie Mellon University
Alexis Conneau,29,218.0,22035,60,
W. El-Hajj,29,218.0,2821,105,
Wenpeng Yin,29,218.0,5179,68,
A. Lavelli,29,218.0,3214,151,
Iz Beltagy,29,218.0,15164,50,Allen Institute for Artificial Intelligence (AI2)
J. Reich,29,218.0,3620,138,
Nikolaos Aletras,28,232.0,4022,109,University of Sheffield
Emily M. Bender,28,232.0,8897,130,University of Washington
Hunter Gehlbach,28,232.0,3408,97,
Fangyu Liu,28,232.0,3935,53,Google DeepMind
Margaret E. Roberts,28,232.0,9839,48,
Shijie Geng,28,232.0,3862,59,
Ramakanth Kavuluru,28,232.0,2844,110,
Guoping Hu,28,232.0,4750,87,
E. Ponti,28,232.0,2533,78,
Jack Hessel,28,232.0,5129,58,AI2
Eugenio Martínez-Cámara,28,232.0,2460,84,University of Jaén
E. Klang,28,232.0,2657,165,
Devamanyu Hazarika,27,244.0,9596,54,National University of Singapore
A. Manini,27,244.0,2304,133,
B. Pang,27,244.0,25096,47,
Mustafa Jarrar,27,244.0,2627,107,Birzeit University
H. Dalianis,27,244.0,2977,167,
V. Osmani,27,244.0,3161,121,
John X. Morris,27,244.0,4693,84,University of Virginia
Leonardo Neves,27,244.0,3292,102,
P. Kantor,27,244.0,9564,197,
Yacine Jernite,27,244.0,8580,50,Hugging Face
Alessio Ferrari,27,244.0,2362,114,
Justin Grimmer,26,255.0,5817,91,
M. Sadrzadeh,26,255.0,3104,148,
S. Avestimehr,26,255.0,3463,96,
Vasileios Lampos,26,255.0,4061,72,"Department of Computer Science, University College London"
Prithviraj Sen,26,255.0,7768,116,
Xiaodong Liu,26,255.0,6182,47,
Brandon M Stewart,26,255.0,8861,58,Princeton University
Hao Cheng,26,255.0,4428,56,Microsoft Research
Siddhartha R. Jonnalagadda,26,255.0,2100,80,
Yingqiang Ge,26,255.0,2795,46,
R. Sifa,26,255.0,2558,183,
Chunting Zhou,25,266.0,4554,39,Carnegie Mellon University
Lei Hou,25,266.0,1953,76,Tsinghua University
Mark Johnson,25,266.0,3426,59,
Min Jiang,25,266.0,2587,57,
T. McCoy,25,266.0,2256,107,
Zuohui Fu,25,266.0,2401,47,
Xieling Chen,25,266.0,2687,76,
Stephen H. Bach,25,266.0,8033,52,
Ute Schmid,25,266.0,2104,231,University of Bamberg -- Cognitive System Group
Qian Huang,25,266.0,3183,79,
Harold Soh,25,266.0,2170,82,National University of Singapore
Niranjan Balasubramanian,25,266.0,3437,103,
Katharina Kann,25,266.0,2837,76,
Yankai Lin,25,266.0,3383,60,
Tristan Naumann,25,266.0,6173,55,Microsoft Research Health Futures
Liwei Wang,24,281.0,2656,106,
Glen A. Coppersmith,24,281.0,4229,48,
Bridger Waleed Ammar,24,281.0,4258,52,Holistic Intelligence for Global Good (HIGG)
Ge Zhang,24,281.0,2883,55,01.ai
Yulia Tsvetkov,24,281.0,2709,46,
F. Shen,24,281.0,2900,109,
Thanh Vu,24,281.0,2539,108,
Victor Veitch,24,281.0,3743,45,
T. Chang,24,281.0,1912,121,
A. Callahan,24,281.0,3999,73,
A. Giannopoulos,23,291.0,2853,171,
Tong He,23,291.0,12753,36,
Tianyong Hao,23,291.0,2258,184,South China Normal University
Peter Milder,23,291.0,2560,83,Stony Brook University
Prithviraj Ammanabrolu,23,291.0,2253,37,
Zhijian Liu,23,291.0,6725,32,Massachusetts Institute of Technology
T. Guetterman,23,291.0,3971,150,
Yves Scherrer,23,291.0,1801,91,
Yiming Cui,23,291.0,4262,59,iFLYTEK Research
Yuanjun Guo,23,291.0,1575,82,
Vered Shwartz,23,291.0,2406,49,University of British Columbia
D. Mitsouras,23,291.0,2994,92,
Cyril Grouin,23,291.0,1648,98,
Abdulhadi Shoufan,23,291.0,1899,114,
Sijia Liu,23,291.0,3413,124,Mayo Clinic
Sara Hooker,22,306.0,3896,30,
P. Schwaller,22,306.0,4744,72,
Victor Zhong,22,306.0,6227,41,University of Washington
Junyuan Xie,22,306.0,8270,94,
Emily Pitler,22,306.0,3658,52,
Wangchunshu Zhou,22,306.0,2045,45,AIWaves
A. Abid,22,306.0,2202,101,
Shaoxiong Ji,22,306.0,3823,50,Technical University of Darmstadt
Jannik Strotgen,22,306.0,2745,95,
S. El-Beltagy,22,306.0,2382,98,
R. Batista-Navarro,22,306.0,2002,157,
S. D. Pietra,22,306.0,14592,32,
Samuel Cahyawijaya,22,306.0,5051,58,
W. Zhang,22,306.0,2373,129,
V.G.Vinod Vydiswaran,22,306.0,1697,74,University of Michigan
R. Hegadi,21,321.0,1459,158,
Jingqi Wang,21,321.0,1822,57,
Ruibo Liu,21,321.0,2815,39,Google DeepMind
Zhengbao Jiang,21,321.0,6989,31,
Mikhail Galkin,21,321.0,1831,55,Google Research
Jason Alan Fries,21,321.0,6194,38,Stanford University
F. Aiolli,21,321.0,1848,117,
Yujia Qin,21,321.0,3134,59,
M. Ghassemi,21,321.0,8775,66,
Hang Zhang,21,321.0,6631,29,
T. Y. Han,21,321.0,2878,38,
Shijin Wang,21,321.0,3265,56,
Chenghua Lin,21,321.0,2000,106,
Juanzi Li,21,321.0,2796,104,
Houda Bouamor,21,321.0,1915,76,
J. Markoff,21,321.0,2019,119,
S. Kwan,21,321.0,1818,62,
Taxiarchis Botsis,21,321.0,2521,75,
Emma Strubell,21,321.0,6005,77,
Yanshan Wang,21,321.0,2254,94,
Y. Barash,21,321.0,1789,90,
Heike Adel,21,321.0,1799,59,
Michael Wiegand,21,321.0,3391,98,Institute for German Language Mannheim/Heidelberg University
Guanghua Yang,21,321.0,1128,86,
Chetan Arora,21,321.0,1088,45,
A. Schwaighofer,21,321.0,5069,55,
M. Rastegar-Mojarad,21,321.0,2132,68,
Pradeep Dasigi,21,321.0,4391,54,Allen Institute for Artificial Intelligence
A. Savic,21,321.0,2718,135,
T. Cai,20,350.0,1793,62,
D. Wolter,20,350.0,1257,93,
T. Callahan,20,350.0,2595,90,
M. Awad,20,350.0,3334,138,
I. Harris,20,350.0,1310,99,
F. Goss,20,350.0,1273,59,
Tianxiang Sun,20,350.0,3134,45,
Xiaozhi Wang,20,350.0,2756,51,Tsinghua University
D. Q. Nguyen,20,350.0,1887,44,
T. Poibeau,20,350.0,2046,169,
Jie Fu,20,350.0,1813,91,Quebec AI Institute (Mila)
V. D. Pietra,20,350.0,17456,27,
S. Berrouiguet,20,350.0,1437,61,
Karwan Jacksi,20,350.0,1012,52,
Yuhao Zhang,19,364.0,5494,42,"AWS AI, Stanford University"
Ligeng Zhu,19,364.0,5186,37,
Zexian Zeng,19,364.0,4774,52,
Amir Pouran Ben Veyseh,19,364.0,2029,41,
Mengzhou Xia,19,364.0,2174,30,
Pavel P. Kuksa,19,364.0,10955,82,
Jianping Li,19,364.0,2072,84,
M. Bommarito,19,364.0,1928,48,
Shuchang Liu,19,364.0,1265,26,
Shrimai Prabhumoye,19,364.0,3938,52,
Naveed Afzal,19,364.0,2174,63,
P. Gordon,19,364.0,1103,79,
P. Lenca,19,364.0,1743,119,
C. Caucheteux,19,364.0,4381,40,
D. Katz,19,364.0,2081,58,
P. Kummervold,19,364.0,2284,35,
Jingcheng Du,19,364.0,1814,74,The University of Texas Health Science Center at Houston
David McClosky,19,364.0,9807,33,
Dimitri Kartsaklis,19,364.0,1155,39,
Ruochen Xu,19,364.0,2341,34,Om AI
Marina Danilevsky,19,364.0,1904,58,IBM Research
Amir Feder,18,385.0,1816,33,Columbia University
Swabha Swayamdipta,18,385.0,6431,40,Allen Institute for AI
Edwin Simpson,18,385.0,1159,45,University of Bristol
Chenguang Wang,18,385.0,1357,31,Washington University
Jiaao Chen,18,385.0,2415,33,Georgia Institute of Technology
M. DeJonckheere,18,385.0,2050,78,
Raymond S. T. Lee,18,385.0,1223,104,
André F. T. Martins,18,385.0,1604,28,
Tianlin Zhang,18,385.0,1207,43,The University of Manchester
Canwen Xu,18,385.0,5928,30,
Teven Le Scao,18,385.0,10335,48,
Brendan T. O'Connor,18,385.0,6937,44,University of Massachusetts Amherst
Peter Ondruska,18,385.0,3154,24,
A. Hiszpanski,18,385.0,1274,48,
Zijie J. Wang,18,385.0,2710,43,Georgia Tech
Aditya Siddhant,18,385.0,5715,36,
W. Zeng,18,385.0,2363,42,
Yi Zhu,18,385.0,3319,39,
Marije C Michel,18,385.0,1478,64,
Peng Qi,18,385.0,6213,37,Orby AI
Yang Xiang,17,405.0,1626,34,
Timothy J. O'Gorman,17,405.0,840,35,Thorn
Chengke Wu,17,405.0,979,32,
Leila Wehbe,17,405.0,1527,62,Carnegie Mellon University
Irfan Ahmad,17,405.0,937,43,"King Fahd University of Petroleum and Minerals, Dhahran, Saudi Arabia"
Xiaojie Guo,17,405.0,1908,43,
Liping Zhao,17,405.0,1230,131,
Albert Villanova del Moral,17,405.0,3687,27,
Zheng Shi,17,405.0,927,81,
Samuel Yen-Chi Chen,17,405.0,1447,30,
Ludovic Tanguy,17,405.0,3296,101,Université de Toulouse
Yuan Luo,17,405.0,966,47,
T. Alexopoulou,17,405.0,1171,49,
Thomas Wolf,16,418.0,13534,103,HuggingFace Inc.
Xiuying Chen,16,418.0,925,38,
Nasser Zalmout,16,418.0,855,32,
Dayiheng Liu,16,418.0,2383,36,Alibaba Group
Stephen T Wu,16,418.0,1489,53,UTHealth
Ana Marasović,16,418.0,3755,24,Allen Institute for AI
Beth Ripley,16,418.0,1119,27,
Salam Khalifa,16,418.0,957,38,Stony Brook University
Yuhui Zhang,16,418.0,7334,30,Stanford University
Heeyoul Choi,16,418.0,1208,69,
Shangbin Feng,16,418.0,1148,35,
M. Walter,16,418.0,1363,71,
Quan.Z Sheng,16,418.0,1416,56,
V. Salari,16,418.0,927,68,
Zaid Alyafeai,16,418.0,5440,40,King Fahd University of Petroleum & Minerals
Jinlan Fu,16,418.0,5253,31,
Theresa A. Koleck,16,418.0,945,56,
Tianxing He,16,418.0,1185,32,
Bonan Min,16,418.0,2123,44,
Ozan Irsoy,15,437.0,3224,36,
Yusheng Su,15,437.0,2217,26,Tsinghua University
Xingjian Shi,15,437.0,10784,22,
Zhisong Zhang,15,437.0,1039,24,
Karim Bouzoubaa,15,437.0,898,58,
Wen-wai Yim,15,437.0,732,38,
Gabor Angeli,15,437.0,6651,23,Square Inc
W. Whiteley,15,437.0,698,35,
Han Cai,15,437.0,1319,26,
Palash Goyal,15,437.0,3444,61,Amazon Alexa AI-NU
M. Radeos,15,437.0,753,58,
Yevgeni Berzak,15,437.0,560,31,
Xiaochuang Han,15,437.0,1037,21,University of Washington
Su Lin Blodgett,15,437.0,2496,50,Microsoft Research
S. Quarteroni,15,437.0,13121,69,
M. Berendsen,15,437.0,1476,40,
Viet Dac Lai,15,437.0,1053,37,University of Oregon
Stephanie L. Hyland,15,437.0,2077,36,Microsoft Research Cambridge
Piotr (Peter) Mardziel,14,455.0,1877,40,independent
N. Usuyama,14,455.0,3285,24,
Malihe Alikhani,14,455.0,849,79,Rutgers University
Patrick von Platen,14,455.0,5664,41,
Diba Mirza,14,455.0,1400,34,
Elif Ozkirimli,14,455.0,858,42,
Mourad Abbas,14,455.0,740,46,
David G. Dobolyi,14,455.0,7507,27,
Michael A. Hedderich,14,455.0,682,37,
Chaoyang He,14,455.0,947,28,
Daniel Coelho de Castro,14,455.0,2089,29,Microsoft Research
Swabha Swayamdipta,14,455.0,1401,20,
James Thorne,14,455.0,1306,21,
Debajyoti Datta,14,455.0,6111,59,
Ishaan Gulrajani,14,455.0,16480,23,
He He,14,455.0,1413,17,
J. Finkel,14,455.0,12350,23,
Andrea Galassi,14,455.0,983,41,"University of Bologna p=8,33,6,5,17,18,34,30,10"
Francesco Barbieri,13,473.0,1623,24,
Chengwei Qin,13,473.0,1437,24,
Yizhi Li,13,473.0,500,37,University of Manchester
Sheng Zha,13,473.0,887,25,
P. Szolovits,13,473.0,1099,27,
Victor Sanh,13,473.0,11871,36,
Majid Yazdani,13,473.0,1013,32,"Facebook AI, EPFL, Linkedin, Idiap research institute"
Rotem Dror,13,473.0,1006,20,
Yuqi Si,13,473.0,1157,25,
Marcos Vinícius Treviso,13,473.0,874,27,
Jieyu Zhao,13,473.0,4127,34,UCLA
Cristina Palomares,13,473.0,501,36,
Sam Shleifer,13,473.0,8214,43,
A. A. Monem,13,473.0,903,27,
P. Crutchley,13,473.0,1510,21,
C. Dreisbach,13,473.0,991,45,
Frank Zimmer,13,473.0,671,33,
Mariya Toneva,13,473.0,1580,37,Carnegie Mellon University
Mai Elsherief,13,473.0,1579,21,
Leon Weber,13,473.0,3342,22,Humboldt-Universität zu Berlin
Akira Murakami,13,473.0,710,22,
Michael Yeomans,13,473.0,1016,38,
Faical Azouaou,13,473.0,592,40,"ESI Ecole nationale superieure d'informatique, Algiers, Algeria"
Ossama Obeid,13,473.0,832,24,
Yutai Hou,13,473.0,1098,29,
Alex B. Fine,13,473.0,1343,25,
Tatiana Kelil,13,473.0,808,40,
Nelson F. Liu,13,473.0,4839,20,Stanford University
M. Carson,13,473.0,664,40,
K. Meichanetzidis,13,473.0,613,45,
Yannis Katsis,13,473.0,794,50,
R. Taylor,13,473.0,1615,29,
D. Milne,13,473.0,822,21,
Meng Yang,13,473.0,750,74,
Hiroaki Hayashi,13,473.0,5345,20,Carnegie Mellon University
Mark O Walderhaug,13,473.0,940,20,
Yufen Huang,12,509.0,458,16,
Victor Sanh,12,509.0,4065,19,
Sarah Wiegreffe,12,509.0,3439,24,
S. Yih,12,509.0,1562,25,
E. Artemova,12,509.0,646,52,
Ming Liu,12,509.0,469,23,
Kun Qian,12,509.0,761,53,
Wenhu Chen,12,509.0,732,22,
Amit Moryossef,12,509.0,682,29,
Qiang Wei,12,509.0,1201,31,
Dima Taji,12,509.0,1314,22,
Bo Long,12,509.0,675,29,
Ariel Goldstein,12,509.0,1139,32,
Yu Gu,12,509.0,1996,20,
Yi-Ting Guo,12,509.0,485,57,
Kiran Khatter,12,509.0,1209,37,
Haibin Lin,12,509.0,2625,18,
David Weiss,12,509.0,2154,13,
Vera Sorin,12,509.0,765,28,
Zita Marinho,12,509.0,698,23,
B. White,12,509.0,1702,67,
Paul R. Kingsbury,12,509.0,4572,23,
V. Cavalli-Sforza,12,509.0,608,54,
Irene Li,12,509.0,1408,34,
A. Kumar,12,509.0,1472,27,
Shannon L. Spruit,12,509.0,2015,31,
Alexandru Salcianu,12,509.0,1275,17,
S. Sangeetha,12,509.0,778,39,"National Institute of Technology, Tiruchirappalli"
Rémi Louf,12,509.0,2862,37,
Jia-Hong Huang,12,509.0,379,18,
Asahi Ushio,12,509.0,522,27,
Kexin Yang,12,509.0,651,23,Sichuan University
Carly D. Robinson,12,509.0,570,48,
John Bauer,11,542.0,9389,15,
Ergin Soysal,11,542.0,762,29,
Gunjan Chhablani,11,542.0,4861,28,
O. Kononova,11,542.0,2049,52,
A. Thakur,11,542.0,1180,26,
Zhile Yang,11,542.0,392,37,
Kianté Brantley,11,542.0,758,32,
R. Forshee,11,542.0,931,21,
Zhi Zhang,11,542.0,2224,13,
Daniel Loureiro,11,542.0,1069,25,Cardiff University
T. Arnold,11,542.0,1030,59,
Jingbo Xia,11,542.0,771,55,Huazhong Agricultural Univ
Martin Müller,11,542.0,787,14,
J. Plu,11,542.0,2833,71,
Yuexiong Ding,11,542.0,937,24,
Zhaoxuan Tan,11,542.0,589,27,University of Notre Dame
Alexis Toumi,11,542.0,491,27,
Angelina McMillan-Major,11,542.0,7305,15,
Elior Sulem,11,542.0,1577,18,
G. Felice,11,542.0,513,40,
Benedikt Boecking,11,542.0,648,19,
Zach Wood-Doughty,11,542.0,635,28,
Zhongyue Zhang,11,542.0,4893,20,
Jan A. Botha,11,542.0,1867,16,
Daniel J. Feller,11,542.0,798,23,
Meliha Yetisgen,11,542.0,619,44,
James Bradbury,11,542.0,49719,23,
Yunfan Shao,11,542.0,2816,24,Fudan University
Kun Wang,10,570.0,517,26,
B. Kawas,10,570.0,636,22,
Mai Oudah,10,570.0,538,18,
Xiangyang Liu,10,570.0,1985,15,Fudan University
Weizhe Yuan,10,570.0,4826,23,
H. Al-Khalifa,10,570.0,498,40,
Mariano Schain,10,570.0,664,24,
Kory Kreimeyer,10,570.0,688,27,
D. Summers-Stay,10,570.0,3584,40,
Lucia Specia,10,570.0,378,31,
K. Abid,10,570.0,861,53,
Tom Young,10,570.0,4389,14,
A. Torfi,10,570.0,671,25,
Lukas Lange,10,570.0,554,31,
Huadong Wang,10,570.0,812,21,
Keletso J. Letsholo,10,570.0,431,19,
Zhanghao Wu,10,570.0,4395,13,
Rajkumar Ramamurthy,10,570.0,1057,36,
John Giorgi,10,570.0,3267,21,"University of Toronto, Donnelly Centre for Cellular and Biomolecular Research, Vector Institute for Artificial Intelligence"
I. Guellil,10,570.0,426,23,
Ryan Leary,10,570.0,1533,12,
Jackie Ayoub,10,570.0,469,16,
Dhanya Sridhar,10,570.0,527,14,
Samuel A. Nastase,10,570.0,648,35,
Alexander Erdmann,10,570.0,639,16,
Javier Alvarez-Valle,10,570.0,584,25,
Yu Chen,10,570.0,1113,16,
I. Trofimov,10,570.0,351,26,
Y. Haralambous,10,570.0,621,92,
Qingqing Cao,9,599.0,386,16,University of Washington
Simon Ott,9,599.0,2460,12,
Xiaowei Luo,9,599.0,336,13,
Yijun Xiao,9,599.0,615,13,
Alisa Liu,9,599.0,3209,15,University of Washington
Pedro Henrique Martins,9,599.0,641,15,
Jingjing Li,9,599.0,552,24,
Marzieh Saeidi,9,599.0,629,18,
Shuai Zheng,9,599.0,518,18,
G. Kitchen,9,599.0,455,24,
Daniel King,9,599.0,1050,13,Databricks
Marc Pàmies,9,599.0,2634,12,
Jian Guo,9,599.0,942,12,
Quentin Lhoest,9,599.0,4999,18,
Tanmay Basu,9,599.0,434,29,
Sumit Pandey,9,599.0,691,45,
P. Kłosowski,9,599.0,219,28,
L. Siddharth,9,599.0,295,18,
Xiaoyu Li,9,599.0,366,19,
Kayo Yin,9,599.0,543,11,École Polytechnique
Abhik Jana,9,599.0,410,26,
A. Nori,9,599.0,1073,15,
Sonit Singh,9,599.0,223,20,
Nikita Klyuchnikov,9,599.0,331,22,
M. Oussalah,9,599.0,472,44,
Stefano Mangini,9,599.0,308,12,
Philipp Schmid,9,599.0,1116,15,
Ivano Lauriola,9,599.0,616,36,
M. Fedorov,9,599.0,462,15,
Jenny Chim,9,599.0,3226,13,
C. Lemey,9,599.0,712,24,
Betty van Aken,9,599.0,616,13,Beuth University of Applied Sciences Berlin
Bohan Li,9,599.0,498,23,
M. Wetscherek,9,599.0,496,14,
Ze Gong,9,599.0,328,19,
A. Price,9,599.0,921,15,
Orin Hargraves,8,635.0,719,26,
Zaid Zada,8,635.0,431,19,Princeton University
Yuan Jin,8,635.0,359,12,
Surabhi Datta,8,635.0,528,16,
Oscar Sainz,8,635.0,1334,15,University of the Basque Country
Shankai Yan,8,635.0,1095,22,
Jie Ma,8,635.0,683,12,Amazon
Katherine A. Keith,8,635.0,511,17,Williams College
J. Hochgesang,8,635.0,326,28,
Bashar Alhafni,8,635.0,557,15,
Víctor Suárez-Paniagua,8,635.0,366,20,
Eliav Buchnik,8,635.0,445,19,
T. Manjunath,8,635.0,180,31,
E. Pons,8,635.0,640,12,
Jing Qian,8,635.0,814,10,University of California Santa Barbara
Khanh Nguyen,8,635.0,656,15,"University of California, Berkeley"
Hakime Öztürk,8,635.0,1662,11,
Shamik Bose,8,635.0,2659,18,
Chu-Ren Huang,8,635.0,267,58,
R. Piedeleu,8,635.0,352,25,
Z. Bilgrami,8,635.0,265,34,
Lewis Tunstall,8,635.0,1200,10,
Erol-Valeriu Chioasca,8,635.0,248,9,
Shruthi Bannur,8,635.0,547,17,
Waad Alhoshan,8,635.0,392,13,
Trishala Neeraj,8,635.0,5552,15,
Ji Ma,8,635.0,294,12,Google Inc
N. Khan,8,635.0,285,17,
Annika Marie Schoene,8,635.0,391,22,University of Hull
Reid Pryzant,8,635.0,717,10,
Seyedmostafa Sheikhalishahi,8,635.0,635,16,
Chi-Min Chan,8,635.0,1495,17,
M. Alkhatib,8,635.0,309,34,
Mark Neumann,8,635.0,14436,16,Allen Institute for AI
Robert Tinn,7,669.0,1953,15,
Sarvesh Soni,7,669.0,477,12,"National Library of Medicine, National Institutes of Health"
Go Inoue,7,669.0,475,9,MBZUAI
Michael Hassid,7,669.0,281,9,
L. Tilton,7,669.0,406,34,
Zongcheng Ji,7,669.0,589,8,
T. M. Herr,7,669.0,406,16,
Damien Nouvel,7,669.0,285,39,
Taylor C. Ryan,7,669.0,444,12,
Dimosthenis Antypas,7,669.0,235,19,
ZiHang Zeng,7,669.0,250,13,
Joe Davison,7,669.0,2889,30,
Ekta Sood,7,669.0,245,14,
Heng Zhang,7,669.0,284,12,
Manuel R. Ciosici,7,669.0,203,16,
Yacine Jernite,7,669.0,2376,49,
Thomas Wolf,7,669.0,2264,54,
Bobbi Aubrey,7,669.0,417,14,
Canwen Xu,7,669.0,2265,41,
Julien Chaumond,7,669.0,9931,34,
Loes M. M. Braun,7,669.0,559,21,
Mariam Zomorodi,7,669.0,129,13,
Edward Kim,7,669.0,1203,12,
R. H. Perlis,7,669.0,289,20,
Meagan Vigus,7,669.0,174,12,
Sarah Moeller,7,669.0,173,14,
Bhargav Srinivasa Desikan,7,669.0,172,12,EPFL
Dongjin Choi,7,669.0,165,16,
Kasia Hitczenko,7,669.0,237,21,
Anna Schmidt,7,669.0,1401,8,
M. Chary,7,669.0,271,16,
Leonard Lausen,7,669.0,1123,13,
Yanis Labrak,7,669.0,2529,15,
Andrew Cowell,7,669.0,244,21,
Kiamehr Rezaee,7,669.0,247,14,
Qi Liu,6,704.0,336,9,
Stas Bekman,6,704.0,3061,16,
Sandra F. Jones,6,704.0,575,9,
Romain Paulus,6,704.0,3023,8,
Tony Sun,6,704.0,1056,7,
Segev Shlomov,6,704.0,1000,24,
Ziqing Liu,6,704.0,227,7,
Yu Deng,6,704.0,216,17,
Pattarawat Chormai,6,704.0,163,8,
Neha Verma,6,704.0,528,12,
Marianna Nezhurina,6,704.0,2409,6,
Samuele Garda,6,704.0,2348,16,
Clement Delangue,6,704.0,3044,13,
Peerat Limkonchotiwat,6,704.0,170,33,
Heng Wang,6,704.0,299,8,Xi'an Jiaotong University
Md Saroar Jahan,6,704.0,308,17,
Hanrui Wang,6,704.0,1793,12,
A. Bakalov,6,704.0,388,14,
Hulin Wang,6,704.0,237,10,
Shijie Chen,6,704.0,504,11,The Ohio State University
Binggui Zhou,6,704.0,219,22,
Shenyu Xu,6,704.0,172,6,
Akshay Kulkarni,6,704.0,144,27,
Ning Dai,6,704.0,1689,22,Oregon State University
Tim Schopf,6,704.0,190,16,Technical University of Munich
Katikapalli Subramanyam Kalyan,6,704.0,515,8,NIT Trichy
Fadhl Eryani,6,704.0,568,12,
V. Prabhakaran,6,704.0,146,11,
Wojciech Kusa,6,704.0,2336,30,TU Wien
R. Billot,6,704.0,399,13,
Ji-Ung Lee,6,704.0,161,13,
Adarsha Shivananda,6,704.0,140,24,
Adil E. Rajput,6,704.0,196,18,
Dipanjan Sarkar,6,704.0,346,25,
Billel Gueni,6,704.0,276,7,
Yaser Keneshloo,6,704.0,767,9,
Juraj Vladika,6,704.0,157,21,
Minh Chien Vu,6,704.0,2623,11,
Linh Le,6,704.0,102,15,
Karolina Stańczak,6,704.0,180,10,Mila;McGill University
Rouzbeh A. Shirvani,6,704.0,297,12,
Lysandre Debut,6,704.0,9417,65,
Eli Lifland,6,704.0,971,7,Ought
Joel Grus,6,704.0,1680,11,
A. Rajasekharan,6,704.0,501,12,
Charin Polpanumas,6,704.0,260,10,
Minh Nguyen,6,704.0,287,8,
Natasha Seelam,6,704.0,2299,7,
Rosa Vallejos,6,704.0,185,35,
H. Saadane,6,704.0,276,12,
Ying Xie,6,704.0,302,25,
Weisi Guo,6,704.0,701,25,
Prof. K. R. Chowdhary,6,704.0,229,26,M B M Engineering College
Julia El Zini,6,704.0,166,16,
Jinbin Bai,6,704.0,217,9,
Hang Dong,6,704.0,276,10,
Robert Martin,6,704.0,2398,6,
James H. Martin,6,704.0,163,10,
Zhenhao Li,6,704.0,292,14,Imperial College London
Yige Xu,6,704.0,3005,10,Nanyang Technological University
Shucheng Li,5,764.0,386,12,Nanjing University
Mikhail Salnikov,5,764.0,169,8,Skoltech
Arlene Casey,5,764.0,210,24,
David Chang,5,764.0,228,8,
Zhao Cai,5,764.0,356,37,
Dotan Emanuel,5,764.0,617,10,
Jason Bolton,5,764.0,2229,8,
Yaqi Xie,5,764.0,348,10,
Peratham Wiriyathammabhum,5,764.0,106,15,
Ayush Singh,5,764.0,95,12,
Alexander M. Rush,5,764.0,2280,10,
Pratik Ratadiya,5,764.0,106,10,
M. Foster,5,764.0,529,9,
Liping Zhao,5,764.0,187,9,
Luis Espinosa-Anke,5,764.0,819,10,
Abhishek Pandey,5,764.0,547,10,
A. Alhazmi,5,764.0,816,15,
Yejin Choi,5,764.0,261,11,
Shubhanshu Mishra,5,764.0,140,17,
Dan Roth,5,764.0,1760,9,
Kenneth Lai,5,764.0,140,22,
Can Udomcharoenchaikit,5,764.0,147,24,
D. Hartung,5,764.0,357,15,
Kaiji Lu,5,764.0,377,9,
Barbara J. Grosz,5,764.0,5248,10,
Qingqing Zhu,5,764.0,279,12,
M. V. Koroteev,5,764.0,229,14,
Jonathan J. Marsh,5,764.0,351,7,
Lalita Lowphansirikul,5,764.0,221,8,
Kaiyue Wen,5,764.0,245,10,
Jun Wang,5,764.0,189,8,
Katarzyna Biesialska,5,764.0,300,7,
Magdalena Biesialska,5,764.0,721,15,
John Moore,5,764.0,372,18,
S. Siddiqui,5,764.0,119,6,
Brian N. Larson,5,764.0,171,14,Texas A&M University School of Law
T. Buhrmann,5,764.0,668,12,
E. Davidson,5,764.0,310,11,
Kai Shen,5,764.0,341,9,
Jin Yong Yoo,5,764.0,979,8,
Osman Guzide,5,764.0,160,27,
M. S. Hussain,5,764.0,438,5,
Antoine Bosselut,5,764.0,304,11,
Erik W. Kuiler,5,764.0,131,19,
Shi Wang,5,764.0,79,5,
Nikola Tulechki,4,809.0,198,7,
Michael R. Lucas,4,809.0,1636,4,Truveta
Deepa Yogish,4,809.0,63,11,
Mohammed A. M.Sadeeq,4,809.0,208,5,
A. Urieli,4,809.0,198,9,
Sukhdev Singh,4,809.0,959,4,
Clara Ma,4,809.0,1997,28,
Ruisi Su,4,809.0,2372,7,
Karan Jain,4,809.0,484,6,
Zengle Ren,4,809.0,178,5,
Sylvain Gugger,4,809.0,2548,31,
Honghan Wu,4,809.0,194,25,
Mariama Drame,4,809.0,2548,24,
Muideen A. Ajagbe,4,809.0,298,5,
Deok-Hee Kim-Dufor,4,809.0,331,11,
Everton da S. Maldonado,4,809.0,440,5,
Jonas Golde,4,809.0,2241,9,
Joanne Boisson,4,809.0,177,13,
Yixin Li,4,809.0,213,6,
X. J. Yang,4,809.0,340,5,
Benjamin Rosand,4,809.0,290,6,
Stella Ho,4,809.0,134,9,
Wannaphong Phatthiyaphaibun,4,809.0,118,16,
Mario vSavsko,4,809.0,2922,4,
Phillip Schneider,4,809.0,96,17,
N. Broad,4,809.0,2243,5,
Zainab F. Khan,4,809.0,161,4,
J. V. Gysel,4,809.0,96,4,
Bo Wang,4,809.0,2315,4,
Simon Tannert,4,809.0,137,7,
Hang Li,4,809.0,453,12,
A. Nik,4,809.0,46,4,
Dan Schwartz,4,809.0,105,4,
Andrew Gaut,4,809.0,607,8,
Junyu Chen,4,809.0,488,7,
Faizan Ahmad,4,809.0,99,8,
Michael Schmitz,4,809.0,2211,8,Allen Institute for AI
Ning Shi,4,809.0,131,13,
Fabio Barth,4,809.0,2255,11,
Pierric Cistac,4,809.0,2545,11,
Patrick Haller,4,809.0,2264,8,
M. Hunink,4,809.0,517,6,
D. Tsarapatsanis,4,809.0,709,19,
Xiao Li,3,852.0,152,5,
N. Dahlberg,3,852.0,2271,7,
Muhammed Yavuz Nuzumlali,3,852.0,183,3,
Aditya Malte,3,852.0,88,6,
Anthony Moi,3,852.0,1986,20,
M. Freidank,3,852.0,2247,6,
N. Patry,3,852.0,2963,9,
T. Naumann,3,852.0,188,5,
Gwendolyn Halford,3,852.0,839,4,
Shirlyn Tang,3,852.0,566,3,
Sid Kiblawi,3,852.0,2290,7,
Fangjing Wu,3,852.0,363,6,
Michael Cullan,3,852.0,2233,7,
A. Le Glaz,3,852.0,355,4,
Deven Santosh Shah,3,852.0,259,7,Stony Brook University
S. S. Mousavi,3,852.0,53,9,
Dan Otter,3,852.0,1284,3,
L. Huang,3,852.0,69,7,
Benjamin Beilharz,3,852.0,2255,3,Technical University of Darmstadt
Tianchu Ji,3,852.0,126,4,
Saumil Parikh,3,852.0,81,12,
Zhaorong Zong,3,852.0,64,5,
Myungsun Kang,3,852.0,2249,5,
Mario Sanger,3,852.0,2233,3,
Julian R. Medina,3,852.0,1291,3,
Gabriel Altay,3,852.0,2239,7,
Feng Zhou,3,852.0,221,7,
C. Raynal,3,852.0,205,5,
Sarah Al-Adely,3,852.0,1745,4,
Jayeol Chun,3,852.0,187,5,
Y. Vasiliev,3,852.0,108,19,
Emaad A. Manzoor,3,852.0,235,7,
Jiarui Yao,3,852.0,102,7,
M. Abbaszade,3,852.0,53,5,
Dongyang Wang,3,852.0,218,5,
Xujuan Zhou,3,852.0,63,10,
K. Sharou,3,852.0,62,6,
Bhavitvya Malik,3,852.0,583,8,
Mengqi Wang,3,852.0,95,5,
Tim Rault,3,852.0,1987,17,
Bo Zhao,3,852.0,371,5,
Sangchul Hahn,3,852.0,148,6,
Yue Kang,3,852.0,296,4,
James F. Martin,3,852.0,87,19,
Jeremy Goldwasser,3,852.0,164,10,
Arthit Suriyawongkul,3,852.0,119,10,ADAPT Centre
Karthi Sivaraman,3,852.0,2319,3,
Zhenzhu Yang,3,852.0,621,4,
Yuxin Huang,3,852.0,569,4,
Ke Xu,3,852.0,100,5,
Maged S. Alshaibani,3,852.0,84,3,
Suraj Patil,2,903.0,562,5,
Wiebke Wagner,2,903.0,2961,4,
Korakot Chaovavanich,2,903.0,87,3,
Helen Christensen,2,903.0,309,2,
Rafael A. Calvo,2,903.0,310,3,
Changchun Hong,2,903.0,49,5,
A. Bashall,2,903.0,122,4,
Elizabeth Scruggs,2,903.0,166,4,
Eric Hermann,2,903.0,169,5,
Hanning Gao,2,903.0,268,8,
Daniel Le'on Perin'an,2,903.0,2229,2,
Théo Gigant,2,903.0,2229,4,
Hongbin Yu,2,903.0,99,3,
Diksha Khurana,2,903.0,922,2,
Gongcheng Wang,2,903.0,69,3,
W. Thompson,2,903.0,169,2,
Victor Mustar,2,903.0,581,2,
Mong Yuan Sim,2,903.0,37,3,
Shlok S Deshmukh,2,903.0,2229,2,
John W. Ricketts,2,903.0,627,4,
周春婷,2,903.0,59,2,
Michael Karlen,2,903.0,7712,2,
Helen O'Horan,2,903.0,183,3,
Morgan Funtowicz,2,903.0,1884,5,
G. Baumer,2,903.0,426,2,
Jessica Pan,2,903.0,337,3,
J. Posada,2,903.0,2232,8,
Chen Luo,2,903.0,481,3,
Talayeh Riahi,2,903.0,118,3,
Beatrice Alex,2,903.0,134,9,
François Lagunas,2,903.0,770,4,
Simon Brandeis,2,903.0,563,3,
Tongyao Zhu,2,903.0,135,2,
Yuki Sawa,2,903.0,176,2,
Ping Li,2,903.0,77,8,
Juan Xu,2,903.0,121,7,
Gonzalo Medina,2,903.0,139,2,
Nina Arya,2,903.0,463,3,
Junli Su,2,903.0,95,3,
Richard F. Rashid,2,903.0,184,2,
Swathi Edem,2,903.0,70,5,
Chenyao Yu,2,903.0,138,5,
Sumaya Alameri,1,945.0,102,1,
Shaochun Hao,1,945.0,32,1,
Bukuroshe Elira Epoka,1,945.0,63,1,
H. Khan,1,945.0,55,1,
Asma Khan,1,945.0,55,1,
Nader Tavvaf,1,945.0,195,1,
José Alejandro Ruiz,1,945.0,158,1,
th Karzan,1,945.0,135,1,
Adrián Pastor Cimat,1,945.0,158,1,
Lotem Peled-Cohen,1,945.0,45,2,
Guangzheng Xiong,1,945.0,32,2,
Andreas Grivas,1,945.0,130,7,
Yiyun Zhou,1,945.0,42,1,
Aditya Koli,1,945.0,917,1,
A. Sharma,1,945.0,74,2,
Ray Oshikawa,1,945.0,294,2,
Th'eo Matussiere,1,945.0,559,2,
Yu,1,945.0,92,2,
Philipp Mueller,1,945.0,67,2,
Daniel Duma,1,945.0,129,1,
Jael Pérez Sánchez,1,945.0,158,1,
C. Manning,1,945.0,53,6,
Consiglio,1,945.0,121,1,
Adam L. Berger,1,945.0,3605,1,
Hussen Maulud,1,945.0,135,1,
Kanchan M.Tarwani,1,945.0,66,1,
Richard Tobin,1,945.0,129,5,
Preetam Amancharla,1,945.0,334,1,
Huseein T. Al-Natsheh,1,945.0,96,1,
Andre F. T. Martin,1,945.0,231,1,
Lauritz Gerlach,1,945.0,45,1,
st Dastan,1,945.0,135,1,
Isabelle Augenstein,1,945.0,56,1,
Jacob Russell Neterer,1,945.0,102,1,
Matthew Zhang,1,945.0,144,1,
Mrs . Indu,1,945.0,31,1,
Meng Wang,1,945.0,114,1,
Hussein Sharif,1,945.0,135,1,
Wai Pan Wong,1,945.0,145,2,
Ms. Aswathy,1,945.0,31,1,
S. Nair,1,945.0,31,1,
Thibault Goehringer,1,945.0,559,2,
Ilana Heinz,1,945.0,902,1,
Qiong Wang,1,945.0,341,1,
Tianrui Peng,1,945.0,146,1,
Michael Elhadad,1,945.0,1651,1,
Pranav Kaushik,1,945.0,75,3,
Saskia Locke,1,945.0,111,1,
Tatjana Schindler,1,945.0,76,1,
†. AlessioFerrari,1,945.0,121,1,
Thanathip Suntorntip,1,945.0,83,1,
Sheng Yu,1,945.0,179,2,
Jonathan Pelham,1,945.0,624,2,
Michael Tin Chung Poon,1,945.0,129,1,
Hayley Ross,1,945.0,903,3,
David Barry,1,945.0,624,2,
